cenario;tarefa;inicio_s;fim_s;duracao_s;novos_jobs;novas_perdas;perdas_pct_janela;cpu_pct
01;FUS_IMU;0.0;5.0;5.0;1000;0;0.0;41.129
01;FUS_IMU;5.0;10.0;5.0;1000;0;0.0;41.235
01;FUS_IMU;10.0;15.0;5.0;1000;0;0.0;42.492
01;FUS_IMU;15.0;20.0;5.0;1000;0;0.0;42.889
01;FUS_IMU;20.0;25.0;5.0;1000;0;0.0;41.597
01;FUS_IMU;25.0;30.0;5.0;1000;0;0.0;41.128
01;FUS_IMU;30.0;35.0;5.0;1000;0;0.0;41.128
01;CTRL_ATT;0.0;5.0;5.0;1000;0;0.0;27.894
01;CTRL_ATT;5.0;10.0;5.0;1000;0;0.0;27.94
01;CTRL_ATT;10.0;15.0;5.0;1000;0;0.0;27.927
01;CTRL_ATT;15.0;20.0;5.0;1000;0;0.0;27.916
01;CTRL_ATT;20.0;25.0;5.0;999;1;0.1001001001001001;27.906
01;CTRL_ATT;25.0;30.0;5.0;1000;0;0.0;27.908
01;CTRL_ATT;30.0;35.0;5.0;1000;0;0.0;27.88
01;NAV_PLAN;0.0;5.0;5.0;0;0;;0.001
01;NAV_PLAN;5.0;10.0;5.0;3;1;33.333333333333336;0.423
01;NAV_PLAN;10.0;15.0;5.0;2;1;50.0;0.39
01;NAV_PLAN;15.0;20.0;5.0;4;2;50.0;0.76
01;NAV_PLAN;20.0;25.0;5.0;3;1;33.333333333333336;0.407
01;NAV_PLAN;25.0;30.0;5.0;0;0;;0.0
01;NAV_PLAN;30.0;35.0;5.0;0;0;;0.0
01;FAIL_SAFE;0.0;5.0;5.0;0;0;;0.003
01;FAIL_SAFE;5.0;10.0;5.0;0;0;;0.0
01;FAIL_SAFE;10.0;15.0;5.0;0;0;;0.0
01;FAIL_SAFE;15.0;20.0;5.0;0;0;;0.0
01;FAIL_SAFE;20.0;25.0;5.0;1;0;0.0;0.089
01;FAIL_SAFE;25.0;30.0;5.0;0;0;;0.0
01;FAIL_SAFE;30.0;35.0;5.0;0;0;;0.0
02;FUS_IMU;0.0;5.0;5.0;1000;0;0.0;13.582
02;FUS_IMU;5.0;10.0;5.0;1000;0;0.0;13.595
02;FUS_IMU;10.0;15.0;5.0;1000;0;0.0;14.082
02;FUS_IMU;15.0;20.0;5.0;1000;0;0.0;14.154
02;FUS_IMU;20.0;25.0;5.0;1000;0;0.0;13.657
02;FUS_IMU;25.0;30.0;5.0;1000;0;0.0;13.576
02;FUS_IMU;30.0;35.0;5.0;1000;0;0.0;13.576
02;CTRL_ATT;0.0;5.0;5.0;1000;0;0.0;9.303
02;CTRL_ATT;5.0;10.0;5.0;1000;0;0.0;9.313
02;CTRL_ATT;10.0;15.0;5.0;1000;0;0.0;9.315
02;CTRL_ATT;15.0;20.0;5.0;1000;0;0.0;9.315
02;CTRL_ATT;20.0;25.0;5.0;1000;0;0.0;9.306
02;CTRL_ATT;25.0;30.0;5.0;1000;0;0.0;9.3
02;CTRL_ATT;30.0;35.0;5.0;1000;0;0.0;9.3
02;NAV_PLAN;0.0;5.0;5.0;0;0;;0.0
02;NAV_PLAN;5.0;10.0;5.0;3;0;0.0;0.252
02;NAV_PLAN;10.0;15.0;5.0;3;0;0.0;0.293
02;NAV_PLAN;15.0;20.0;5.0;5;0;0.0;0.456
02;NAV_PLAN;20.0;25.0;5.0;1;0;0.0;0.064
02;NAV_PLAN;25.0;30.0;5.0;0;0;;0.0
02;NAV_PLAN;30.0;35.0;5.0;0;0;;0.0
02;FAIL_SAFE;0.0;5.0;5.0;0;0;;0.002
02;FAIL_SAFE;5.0;10.0;5.0;0;0;;0.0
02;FAIL_SAFE;10.0;15.0;5.0;0;0;;0.0
02;FAIL_SAFE;15.0;20.0;5.0;0;0;;0.0
02;FAIL_SAFE;20.0;25.0;5.0;1;0;0.0;0.029
02;FAIL_SAFE;25.0;30.0;5.0;0;0;;0.0
02;FAIL_SAFE;30.0;35.0;5.0;0;0;;0.0
03;FUS_IMU;0.0;5.014;5.014;1001;4;0.3996003996003996;41.194
03;FUS_IMU;5.014;10.015;5.001;1000;2;0.2;41.652
03;FUS_IMU;10.015;15.014;4.999;1000;7;0.7;42.961
03;FUS_IMU;15.014;20.015;5.001;1000;4;0.4;42.544
03;FUS_IMU;20.015;25.015;5.0;1000;4;0.4;41.27
03;FUS_IMU;25.015;30.014;4.999;1000;3;0.3;41.255
03;FUS_IMU;30.014;35.015;5.001;1000;2;0.2;41.233
03;CTRL_ATT;0.0;5.014;5.014;996;0;0.0;27.725
03;CTRL_ATT;5.014;10.015;5.001;998;0;0.0;27.856
03;CTRL_ATT;10.015;15.014;4.999;991;0;0.0;27.683
03;CTRL_ATT;15.014;20.015;5.001;995;1;0.10050251256281408;27.774
03;CTRL_ATT;20.015;25.015;5.0;993;2;0.2014098690835851;27.727
03;CTRL_ATT;25.015;30.014;4.999;996;0;0.0;27.796
03;CTRL_ATT;30.014;35.015;5.001;998;0;0.0;27.837
03;NAV_PLAN;0.0;5.014;5.014;2;1;50.0;0.376
03;NAV_PLAN;5.014;10.015;5.001;1;0;0.0;0.047
03;NAV_PLAN;10.015;15.014;4.999;4;2;50.0;0.819
03;NAV_PLAN;15.014;20.015;5.001;2;1;50.0;0.372
03;NAV_PLAN;20.015;25.015;5.0;2;1;50.0;0.372
03;NAV_PLAN;25.015;30.014;4.999;1;0;0.0;0.096
03;NAV_PLAN;30.014;35.015;5.001;0;0;;0.0
03;FAIL_SAFE;0.0;5.014;5.014;0;0;;0.003
03;FAIL_SAFE;5.014;10.015;5.001;0;0;;0.0
03;FAIL_SAFE;10.015;15.014;4.999;0;0;;0.0
03;FAIL_SAFE;15.014;20.015;5.001;0;0;;0.0
03;FAIL_SAFE;20.015;25.015;5.0;1;0;0.0;0.088
03;FAIL_SAFE;25.015;30.014;4.999;0;0;;0.0
03;FAIL_SAFE;30.014;35.015;5.001;0;0;;0.0
04;FUS_IMU;0.0;5.012;5.012;1001;2;0.1998001998001998;13.558
04;FUS_IMU;5.012;10.012;5.0;1000;2;0.2;13.964
04;FUS_IMU;10.012;15.012;5.0;1000;5;0.5;14.133
04;FUS_IMU;15.012;20.012;5.0;1000;4;0.4;13.744
04;FUS_IMU;20.012;25.012;5.0;1000;2;0.2;13.576
04;FUS_IMU;25.012;30.012;5.0;1000;2;0.2;13.567
04;FUS_IMU;30.012;35.012;5.0;1000;2;0.2;13.566
04;CTRL_ATT;0.0;5.012;5.012;997;0;0.0;9.239
04;CTRL_ATT;5.012;10.012;5.0;997;0;0.0;9.257
04;CTRL_ATT;10.012;15.012;5.0;994;0;0.0;9.228
04;CTRL_ATT;15.012;20.012;5.0;996;0;0.0;9.251
04;CTRL_ATT;20.012;25.012;5.0;996;0;0.0;9.256
04;CTRL_ATT;25.012;30.012;5.0;997;0;0.0;9.257
04;CTRL_ATT;30.012;35.012;5.0;997;0;0.0;9.255
04;NAV_PLAN;0.0;5.012;5.012;2;0;0.0;0.214
04;NAV_PLAN;5.012;10.012;5.0;2;0;0.0;0.207
04;NAV_PLAN;10.012;15.012;5.0;3;0;0.0;0.486
04;NAV_PLAN;15.012;20.012;5.0;2;0;0.0;0.207
04;NAV_PLAN;20.012;25.012;5.0;3;0;0.0;0.284
04;NAV_PLAN;25.012;30.012;5.0;0;0;;0.0
04;NAV_PLAN;30.012;35.012;5.0;0;0;;0.0
04;FAIL_SAFE;0.0;5.012;5.012;0;0;;0.002
04;FAIL_SAFE;5.012;10.012;5.0;0;0;;0.0
04;FAIL_SAFE;10.012;15.012;5.0;0;0;;0.0
04;FAIL_SAFE;15.012;20.012;5.0;0;0;;0.0
04;FAIL_SAFE;20.012;25.012;5.0;1;0;0.0;0.03
04;FAIL_SAFE;25.012;30.012;5.0;0;0;;0.0
04;FAIL_SAFE;30.012;35.012;5.0;0;0;;0.0
05;FUS_IMU;0.0;5.0;5.0;1000;0;0.0;41.178
05;FUS_IMU;5.0;10.0;5.0;1000;0;0.0;42.273
05;FUS_IMU;10.0;15.0;5.0;1000;0;0.0;42.805
05;FUS_IMU;15.0;20.0;5.0;1000;0;0.0;41.698
05;FUS_IMU;20.0;25.0;5.0;1000;0;0.0;41.153
05;FUS_IMU;25.0;30.0;5.0;1000;0;0.0;41.157
05;FUS_IMU;30.0;35.0;5.0;1000;0;0.0;41.151
05;CTRL_ATT;0.0;5.0;5.0;1000;0;0.0;27.926
05;CTRL_ATT;5.0;10.0;5.0;1000;0;0.0;27.849
05;CTRL_ATT;10.0;15.0;5.0;1000;0;0.0;27.901
05;CTRL_ATT;15.0;20.0;5.0;1000;0;0.0;27.856
05;CTRL_ATT;20.0;25.0;5.0;1000;0;0.0;27.877
05;CTRL_ATT;25.0;30.0;5.0;1000;0;0.0;27.914
05;CTRL_ATT;30.0;35.0;5.0;1000;0;0.0;27.862
05;NAV_PLAN;0.0;5.0;5.0;3;1;33.333333333333336;0.441
05;NAV_PLAN;5.0;10.0;5.0;2;1;50.0;0.395
05;NAV_PLAN;10.0;15.0;5.0;1;1;100.0;0.336
05;NAV_PLAN;15.0;20.0;5.0;1;0;0.0;0.046
05;NAV_PLAN;20.0;25.0;5.0;2;1;50.0;0.381
05;NAV_PLAN;25.0;30.0;5.0;2;1;50.0;0.381
05;NAV_PLAN;30.0;35.0;5.0;1;0;0.0;0.042
05;FAIL_SAFE;0.0;5.0;5.0;0;0;;0.003
05;FAIL_SAFE;5.0;10.0;5.0;0;0;;0.0
05;FAIL_SAFE;10.0;15.0;5.0;0;0;;0.0
05;FAIL_SAFE;15.0;20.0;5.0;0;0;;0.0
05;FAIL_SAFE;20.0;25.0;5.0;0;0;;0.0
05;FAIL_SAFE;25.0;30.0;5.0;0;0;;0.0
05;FAIL_SAFE;30.0;35.0;5.0;1;1;100.0;0.09
06;FUS_IMU;0.0;5.0;5.0;1000;0;0.0;13.585
06;FUS_IMU;5.0;10.0;5.0;1000;0;0.0;13.829
06;FUS_IMU;10.0;15.0;5.0;1000;0;0.0;14.134
06;FUS_IMU;15.0;20.0;5.0;1000;0;0.0;13.87
06;FUS_IMU;20.0;25.0;5.0;1000;0;0.0;13.581
06;FUS_IMU;25.0;30.0;5.0;1000;0;0.0;13.571
06;FUS_IMU;30.0;35.0;5.0;1000;0;0.0;13.568
06;CTRL_ATT;0.0;5.0;5.0;1000;0;0.0;9.311
06;CTRL_ATT;5.0;10.0;5.0;1000;0;0.0;9.304
06;CTRL_ATT;10.0;15.0;5.0;1000;0;0.0;9.307
06;CTRL_ATT;15.0;20.0;5.0;1000;0;0.0;9.302
06;CTRL_ATT;20.0;25.0;5.0;1000;0;0.0;9.31
06;CTRL_ATT;25.0;30.0;5.0;1000;0;0.0;9.304
06;CTRL_ATT;30.0;35.0;5.0;1000;0;0.0;9.302
06;NAV_PLAN;0.0;5.0;5.0;3;0;0.0;0.268
06;NAV_PLAN;5.0;10.0;5.0;1;0;0.0;0.113
06;NAV_PLAN;10.0;15.0;5.0;2;0;0.0;0.183
06;NAV_PLAN;15.0;20.0;5.0;2;0;0.0;0.182
06;NAV_PLAN;20.0;25.0;5.0;3;0;0.0;0.245
06;NAV_PLAN;25.0;30.0;5.0;1;0;0.0;0.066
06;NAV_PLAN;30.0;35.0;5.0;0;0;;0.0
06;FAIL_SAFE;0.0;5.0;5.0;0;0;;0.002
06;FAIL_SAFE;5.0;10.0;5.0;0;0;;0.0
06;FAIL_SAFE;10.0;15.0;5.0;0;0;;0.0
06;FAIL_SAFE;15.0;20.0;5.0;0;0;;0.0
06;FAIL_SAFE;20.0;25.0;5.0;1;0;0.0;0.03
06;FAIL_SAFE;25.0;30.0;5.0;0;0;;0.0
06;FAIL_SAFE;30.0;35.0;5.0;0;0;;0.0
07;FUS_IMU;0.0;5.015;5.015;1001;8;0.7992007992007992;41.169
07;FUS_IMU;5.015;10.015;5.0;1000;9;0.9;42.522
07;FUS_IMU;10.015;15.015;5.0;1000;9;0.9;42.932
07;FUS_IMU;15.015;20.014;4.999;1000;11;1.1;41.695
07;FUS_IMU;20.014;25.015;5.001;1000;4;0.4;41.242
07;FUS_IMU;25.015;30.015;5.0;1000;4;0.4;41.224
07;FUS_IMU;30.015;35.015;5.0;1000;3;0.3;41.222
07;CTRL_ATT;0.0;5.015;5.015;1001;5;0.4995004995004995;27.868
07;CTRL_ATT;5.015;10.015;5.0;1000;4;0.4;27.925
07;CTRL_ATT;10.015;15.015;5.0;1000;4;0.4;27.926
07;CTRL_ATT;15.015;20.014;4.999;1000;6;0.6;27.945
07;CTRL_ATT;20.014;25.015;5.001;1000;2;0.2;27.918
07;CTRL_ATT;25.015;30.015;5.0;1000;2;0.2;27.915
07;CTRL_ATT;30.015;35.015;5.0;1000;2;0.2;27.912
07;NAV_PLAN;0.0;5.015;5.015;3;1;33.333333333333336;0.491
07;NAV_PLAN;5.015;10.015;5.0;2;1;50.0;0.463
07;NAV_PLAN;10.015;15.015;5.0;2;1;50.0;0.452
07;NAV_PLAN;15.015;20.014;4.999;4;2;50.0;0.824
07;NAV_PLAN;20.014;25.015;5.001;1;0;0.0;0.098
07;NAV_PLAN;25.015;30.015;5.0;0;0;;0.0
07;NAV_PLAN;30.015;35.015;5.0;0;0;;0.0
07;FAIL_SAFE;0.0;5.015;5.015;0;0;;0.001
07;FAIL_SAFE;5.015;10.015;5.0;0;0;;0.0
07;FAIL_SAFE;10.015;15.015;5.0;0;0;;0.0
07;FAIL_SAFE;15.015;20.014;4.999;0;0;;0.0
07;FAIL_SAFE;20.014;25.015;5.001;1;0;0.0;0.089
07;FAIL_SAFE;25.015;30.015;5.0;0;0;;0.0
07;FAIL_SAFE;30.015;35.015;5.0;0;0;;0.0
08;FUS_IMU;0.0;5.012;5.012;1001;3;0.2997002997002997;13.555
08;FUS_IMU;5.012;10.012;5.0;1000;2;0.2;13.826
08;FUS_IMU;10.012;15.012;5.0;1000;2;0.2;14.132
08;FUS_IMU;15.012;20.012;5.0;1000;3;0.3;13.876
08;FUS_IMU;20.012;25.012;5.0;1000;2;0.2;13.571
08;FUS_IMU;25.012;30.012;5.0;1000;2;0.2;13.566
08;FUS_IMU;30.012;35.012;5.0;1000;2;0.2;13.564
08;CTRL_ATT;0.0;5.012;5.012;1001;0;0.0;9.283
08;CTRL_ATT;5.012;10.012;5.0;1000;0;0.0;9.29
08;CTRL_ATT;10.012;15.012;5.0;1000;0;0.0;9.283
08;CTRL_ATT;15.012;20.012;5.0;1000;0;0.0;9.288
08;CTRL_ATT;20.012;25.012;5.0;1000;0;0.0;9.296
08;CTRL_ATT;25.012;30.012;5.0;1000;0;0.0;9.292
08;CTRL_ATT;30.012;35.012;5.0;1000;0;0.0;9.29
08;NAV_PLAN;0.0;5.012;5.012;2;0;0.0;0.214
08;NAV_PLAN;5.012;10.012;5.0;1;0;0.0;0.103
08;NAV_PLAN;10.012;15.012;5.0;2;0;0.0;0.176
08;NAV_PLAN;15.012;20.012;5.0;3;0;0.0;0.287
08;NAV_PLAN;20.012;25.012;5.0;3;0;0.0;0.271
08;NAV_PLAN;25.012;30.012;5.0;1;0;0.0;0.084
08;NAV_PLAN;30.012;35.012;5.0;0;0;;0.0
08;FAIL_SAFE;0.0;5.012;5.012;0;0;;0.0
08;FAIL_SAFE;5.012;10.012;5.0;0;0;;0.0
08;FAIL_SAFE;10.012;15.012;5.0;0;0;;0.0
08;FAIL_SAFE;15.012;20.012;5.0;0;0;;0.0
08;FAIL_SAFE;20.012;25.012;5.0;1;0;0.0;0.03
08;FAIL_SAFE;25.012;30.012;5.0;0;0;;0.0
08;FAIL_SAFE;30.012;35.012;5.0;0;0;;0.0
E01;FUS_IMU;0.0;5.0;5.0;1000;0;0.0;20.455
E01;FUS_IMU;5.0;10.0;5.0;1000;0;0.0;20.471
E01;FUS_IMU;10.0;15.0;5.0;1000;0;0.0;21.216
E01;FUS_IMU;15.0;20.0;5.0;1000;0;0.0;21.293
E01;FUS_IMU;20.0;25.0;5.0;1000;0;0.0;20.548
E01;FUS_IMU;25.0;30.0;5.0;1000;0;0.0;20.459
E01;FUS_IMU;30.0;35.0;5.0;1000;0;0.0;20.448
E01;CTRL_ATT;0.0;5.0;5.0;1000;0;0.0;13.824
E01;CTRL_ATT;5.0;10.0;5.0;1000;0;0.0;13.835
E01;CTRL_ATT;10.0;15.0;5.0;1000;0;0.0;13.835
E01;CTRL_ATT;15.0;20.0;5.0;1000;0;0.0;13.83
E01;CTRL_ATT;20.0;25.0;5.0;1000;0;0.0;13.831
E01;CTRL_ATT;25.0;30.0;5.0;1000;0;0.0;13.828
E01;CTRL_ATT;30.0;35.0;5.0;1000;0;0.0;13.82
E01;NAV_PLAN;0.0;5.0;5.0;0;0;;0.001
E01;NAV_PLAN;5.0;10.0;5.0;3;0;0.0;0.293
E01;NAV_PLAN;10.0;15.0;5.0;3;0;0.0;0.409
E01;NAV_PLAN;15.0;20.0;5.0;2;0;0.0;0.238
E01;NAV_PLAN;20.0;25.0;5.0;3;0;0.0;0.302
E01;NAV_PLAN;25.0;30.0;5.0;1;0;0.0;0.058
E01;NAV_PLAN;30.0;35.0;5.0;0;0;;0.0
E01;FAIL_SAFE;0.0;5.0;5.0;0;0;;0.002
E01;FAIL_SAFE;5.0;10.0;5.0;0;0;;0.0
E01;FAIL_SAFE;10.0;15.0;5.0;0;0;;0.0
E01;FAIL_SAFE;15.0;20.0;5.0;0;0;;0.0
E01;FAIL_SAFE;20.0;25.0;5.0;0;0;;0.0
E01;FAIL_SAFE;25.0;30.0;5.0;1;0;0.0;0.044
E01;FAIL_SAFE;30.0;35.0;5.0;0;0;;0.0
E02;FUS_IMU;0.0;5.013;5.013;1001;3;0.2997002997002997;20.424
E02;FUS_IMU;5.013;10.013;5.0;1000;4;0.4;20.46
E02;FUS_IMU;10.013;15.013;5.0;1000;3;0.3;21.209
E02;FUS_IMU;15.013;20.013;5.0;1000;4;0.4;21.293
E02;FUS_IMU;20.013;25.013;5.0;1000;4;0.4;20.555
E02;FUS_IMU;25.013;30.013;5.0;1000;4;0.4;20.457
E02;FUS_IMU;30.013;35.013;5.0;1000;3;0.3;20.455
E02;CTRL_ATT;0.0;5.013;5.013;997;0;0.0;13.77
E02;CTRL_ATT;5.013;10.013;5.0;996;0;0.0;13.802
E02;CTRL_ATT;10.013;15.013;5.0;997;0;0.0;13.809
E02;CTRL_ATT;15.013;20.013;5.0;996;0;0.0;13.791
E02;CTRL_ATT;20.013;25.013;5.0;996;0;0.0;13.812
E02;CTRL_ATT;25.013;30.013;5.0;996;0;0.0;13.797
E02;CTRL_ATT;30.013;35.013;5.0;997;0;0.0;13.819
E02;NAV_PLAN;0.0;5.013;5.013;1;0;0.0;0.063
E02;NAV_PLAN;5.013;10.013;5.0;2;0;0.0;0.271
E02;NAV_PLAN;10.013;15.013;5.0;0;0;;0.004
E02;NAV_PLAN;15.013;20.013;5.0;1;0;0.0;0.166
E02;NAV_PLAN;20.013;25.013;5.0;4;0;0.0;0.535
E02;NAV_PLAN;25.013;30.013;5.0;3;0;0.0;0.327
E02;NAV_PLAN;30.013;35.013;5.0;1;0;0.0;0.089
E02;FAIL_SAFE;0.0;5.013;5.013;0;0;;0.002
E02;FAIL_SAFE;5.013;10.013;5.0;0;0;;0.0
E02;FAIL_SAFE;10.013;15.013;5.0;0;0;;0.0
E02;FAIL_SAFE;15.013;20.013;5.0;0;0;;0.0
E02;FAIL_SAFE;20.013;25.013;5.0;0;0;;0.0
E02;FAIL_SAFE;25.013;30.013;5.0;0;0;;0.0
E02;FAIL_SAFE;30.013;35.013;5.0;1;0;0.0;0.044
E03;FUS_IMU;0.0;4.999;4.999;1000;0;0.0;20.471
E03;FUS_IMU;4.999;9.999;5.0;1000;0;0.0;20.895
E03;FUS_IMU;9.999;14.999;5.0;1000;0;0.0;21.297
E03;FUS_IMU;14.999;19.999;5.0;1000;0;0.0;20.862
E03;FUS_IMU;19.999;24.999;5.0;1000;0;0.0;20.466
E03;FUS_IMU;24.999;29.999;5.0;1000;0;0.0;20.462
E03;FUS_IMU;29.999;34.999;5.0;1000;0;0.0;20.45
E03;CTRL_ATT;0.0;4.999;4.999;1000;0;0.0;13.835
E03;CTRL_ATT;4.999;9.999;5.0;1000;0;0.0;13.829
E03;CTRL_ATT;9.999;14.999;5.0;1000;0;0.0;13.833
E03;CTRL_ATT;14.999;19.999;5.0;1000;0;0.0;13.83
E03;CTRL_ATT;19.999;24.999;5.0;1000;0;0.0;13.831
E03;CTRL_ATT;24.999;29.999;5.0;1000;0;0.0;13.83
E03;CTRL_ATT;29.999;34.999;5.0;1000;0;0.0;13.822
E03;NAV_PLAN;0.0;4.999;4.999;3;0;0.0;0.308
E03;NAV_PLAN;4.999;9.999;5.0;1;0;0.0;0.17
E03;NAV_PLAN;9.999;14.999;5.0;1;0;0.0;0.07
E03;NAV_PLAN;14.999;19.999;5.0;4;0;0.0;0.45
E03;NAV_PLAN;19.999;24.999;5.0;2;0;0.0;0.234
E03;NAV_PLAN;24.999;29.999;5.0;1;0;0.0;0.066
E03;NAV_PLAN;29.999;34.999;5.0;0;0;;0.0
E03;FAIL_SAFE;0.0;4.999;4.999;0;0;;0.002
E03;FAIL_SAFE;4.999;9.999;5.0;0;0;;0.0
E03;FAIL_SAFE;9.999;14.999;5.0;0;0;;0.0
E03;FAIL_SAFE;14.999;19.999;5.0;0;0;;0.0
E03;FAIL_SAFE;19.999;24.999;5.0;0;0;;0.0
E03;FAIL_SAFE;24.999;29.999;5.0;1;0;0.0;0.044
E03;FAIL_SAFE;29.999;34.999;5.0;0;0;;0.0
E04;FUS_IMU;0.0;5.013;5.013;1001;6;0.5994005994005994;20.429
E04;FUS_IMU;5.013;10.013;5.0;1000;5;0.5;21.037
E04;FUS_IMU;10.013;15.013;5.0;1000;3;0.3;21.286
E04;FUS_IMU;15.013;20.013;5.0;1000;3;0.3;20.709
E04;FUS_IMU;20.013;25.013;5.0;1000;3;0.3;20.454
E04;FUS_IMU;25.013;30.013;5.0;1000;3;0.3;20.458
E04;FUS_IMU;30.013;35.013;5.0;1000;3;0.3;20.449
E04;CTRL_ATT;0.0;5.013;5.013;1001;0;0.0;13.841
E04;CTRL_ATT;5.013;10.013;5.0;1000;0;0.0;13.868
E04;CTRL_ATT;10.013;15.013;5.0;1000;0;0.0;13.85
E04;CTRL_ATT;15.013;20.013;5.0;1000;0;0.0;13.844
E04;CTRL_ATT;20.013;25.013;5.0;1000;0;0.0;13.85
E04;CTRL_ATT;25.013;30.013;5.0;1000;0;0.0;13.86
E04;CTRL_ATT;30.013;35.013;5.0;1000;0;0.0;13.845
E04;NAV_PLAN;0.0;5.013;5.013;3;0;0.0;0.371
E04;NAV_PLAN;5.013;10.013;5.0;3;0;0.0;0.441
E04;NAV_PLAN;10.013;15.013;5.0;1;0;0.0;0.108
E04;NAV_PLAN;15.013;20.013;5.0;2;0;0.0;0.229
E04;NAV_PLAN;20.013;25.013;5.0;0;0;;0.0
E04;NAV_PLAN;25.013;30.013;5.0;3;0;0.0;0.354
E04;NAV_PLAN;30.013;35.013;5.0;0;0;;0.0
E04;FAIL_SAFE;0.0;5.013;5.013;0;0;;0.0
E04;FAIL_SAFE;5.013;10.013;5.0;0;0;;0.0
E04;FAIL_SAFE;10.013;15.013;5.0;0;0;;0.0
E04;FAIL_SAFE;15.013;20.013;5.0;0;0;;0.0
E04;FAIL_SAFE;20.013;25.013;5.0;0;0;;0.0
E04;FAIL_SAFE;25.013;30.013;5.0;1;0;0.0;0.044
E04;FAIL_SAFE;30.013;35.013;5.0;0;0;;0.0
E05;FUS_IMU;0.0;5.003;5.003;1000;0;0.0;41.113
E05;FUS_IMU;5.003;10.003;5.0;1000;0;0.0;41.374
E05;FUS_IMU;10.003;15.003;5.0;1000;0;0.0;42.828
E05;FUS_IMU;15.003;20.003;5.0;1000;0;0.0;42.614
E05;FUS_IMU;20.003;25.003;5.0;1000;0;0.0;41.126
E05;FUS_IMU;25.003;30.003;5.0;1000;0;0.0;41.125
E05;FUS_IMU;30.003;35.003;5.0;1000;0;0.0;41.116
E05;CTRL_ATT;0.0;5.003;5.003;1000;0;0.0;27.863
E05;CTRL_ATT;5.003;10.003;5.0;1000;0;0.0;27.894
E05;CTRL_ATT;10.003;15.003;5.0;1000;0;0.0;27.893
E05;CTRL_ATT;15.003;20.003;5.0;1000;0;0.0;27.895
E05;CTRL_ATT;20.003;25.003;5.0;1000;0;0.0;27.874
E05;CTRL_ATT;25.003;30.003;5.0;1000;0;0.0;27.873
E05;CTRL_ATT;30.003;35.003;5.0;1000;0;0.0;27.866
E05;NAV_PLAN;0.0;5.003;5.003;1;0;0.0;0.052
E05;NAV_PLAN;5.003;10.003;5.0;2;1;50.0;0.392
E05;NAV_PLAN;10.003;15.003;5.0;4;2;50.0;0.769
E05;NAV_PLAN;15.003;20.003;5.0;3;2;66.66666666666667;0.727
E05;NAV_PLAN;20.003;25.003;5.0;1;0;0.0;0.041
E05;NAV_PLAN;25.003;30.003;5.0;1;0;0.0;0.034
E05;NAV_PLAN;30.003;35.003;5.0;0;0;;0.0
E05;FAIL_SAFE;0.0;5.003;5.003;0;0;;0.003
E05;FAIL_SAFE;5.003;10.003;5.0;0;0;;0.0
E05;FAIL_SAFE;10.003;15.003;5.0;0;0;;0.0
E05;FAIL_SAFE;15.003;20.003;5.0;0;0;;0.0
E05;FAIL_SAFE;20.003;25.003;5.0;1;1;100.0;0.09
E05;FAIL_SAFE;25.003;30.003;5.0;0;0;;0.0
E05;FAIL_SAFE;30.003;35.003;5.0;0;0;;0.0
E06;FUS_IMU;0.0;5.001;5.001;1000;0;0.0;13.588
E06;FUS_IMU;5.001;10.001;5.0;1000;0;0.0;13.795
E06;FUS_IMU;10.001;15.001;5.0;1000;0;0.0;14.149
E06;FUS_IMU;15.001;20.001;5.0;1000;0;0.0;13.933
E06;FUS_IMU;20.001;25.001;5.0;1000;0;0.0;13.576
E06;FUS_IMU;25.001;30.001;5.0;1000;0;0.0;13.576
E06;CTRL_ATT;0.0;5.001;5.001;1000;0;0.0;9.308
E06;CTRL_ATT;5.001;10.001;5.0;1000;0;0.0;9.308
E06;CTRL_ATT;10.001;15.001;5.0;1000;0;0.0;9.31
E06;CTRL_ATT;15.001;20.001;5.0;1000;0;0.0;9.306
E06;CTRL_ATT;20.001;25.001;5.0;1000;0;0.0;9.302
E06;CTRL_ATT;25.001;30.001;5.0;1000;0;0.0;9.302
E06;NAV_PLAN;0.0;5.001;5.001;2;0;0.0;0.192
E06;NAV_PLAN;5.001;10.001;5.0;2;0;0.0;0.19
E06;NAV_PLAN;10.001;15.001;5.0;5;0;0.0;0.45
E06;NAV_PLAN;15.001;20.001;5.0;3;0;0.0;0.255
E06;NAV_PLAN;20.001;25.001;5.0;0;0;;0.0
E06;NAV_PLAN;25.001;30.001;5.0;0;0;;0.0
E06;FAIL_SAFE;0.0;5.001;5.001;0;0;;0.002
E06;FAIL_SAFE;5.001;10.001;5.0;0;0;;0.0
E06;FAIL_SAFE;10.001;15.001;5.0;0;0;;0.0
E06;FAIL_SAFE;15.001;20.001;5.0;1;0;0.0;0.03
E06;FAIL_SAFE;20.001;25.001;5.0;0;0;;0.0
E06;FAIL_SAFE;25.001;30.001;5.0;0;0;;0.0
E07;FUS_IMU;0.0;5.0;5.0;1000;0;0.0;13.588
E07;FUS_IMU;5.0;10.0;5.0;1000;0;0.0;14.137
E07;FUS_IMU;10.0;15.0;5.0;1000;0;0.0;14.124
E07;FUS_IMU;15.0;20.0;5.0;1000;0;0.0;13.577
E07;FUS_IMU;20.0;25.0;5.0;1000;0;0.0;13.57
E07;FUS_IMU;25.0;30.0;5.0;1000;0;0.0;13.568
E07;CTRL_ATT;0.0;5.0;5.0;1000;0;0.0;9.311
E07;CTRL_ATT;5.0;10.0;5.0;1000;0;0.0;9.309
E07;CTRL_ATT;10.0;15.0;5.0;1000;0;0.0;9.303
E07;CTRL_ATT;15.0;20.0;5.0;1000;0;0.0;9.305
E07;CTRL_ATT;20.0;25.0;5.0;1000;0;0.0;9.301
E07;CTRL_ATT;25.0;30.0;5.0;1000;0;0.0;9.3
E07;NAV_PLAN;0.0;5.0;5.0;3;0;0.0;0.268
E07;NAV_PLAN;5.0;10.0;5.0;4;0;0.0;0.367
E07;NAV_PLAN;10.0;15.0;5.0;2;0;0.0;0.183
E07;NAV_PLAN;15.0;20.0;5.0;2;0;0.0;0.173
E07;NAV_PLAN;20.0;25.0;5.0;1;0;0.0;0.062
E07;NAV_PLAN;25.0;30.0;5.0;0;0;;0.0
E07;FAIL_SAFE;0.0;5.0;5.0;0;0;;0.002
E07;FAIL_SAFE;5.0;10.0;5.0;0;0;;0.0
E07;FAIL_SAFE;10.0;15.0;5.0;0;0;;0.0
E07;FAIL_SAFE;15.0;20.0;5.0;1;0;0.0;0.03
E07;FAIL_SAFE;20.0;25.0;5.0;0;0;;0.0
E07;FAIL_SAFE;25.0;30.0;5.0;0;0;;0.0
E08;FUS_IMU;0.0;5.0;5.0;1000;0;0.0;41.134
E08;FUS_IMU;5.0;10.0;5.0;1000;0;0.0;41.174
E08;FUS_IMU;10.0;15.0;5.0;1000;0;0.0;42.117
E08;FUS_IMU;15.0;20.0;5.0;1000;0;0.0;42.869
E08;FUS_IMU;20.0;25.0;5.0;1000;0;0.0;41.908
E08;FUS_IMU;25.0;30.0;5.0;1000;0;0.0;41.128
E08;CTRL_ATT;0.0;5.0;5.0;1000;0;0.0;27.899
E08;CTRL_ATT;5.0;10.0;5.0;1000;0;0.0;27.867
E08;CTRL_ATT;10.0;15.0;5.0;1000;0;0.0;27.904
E08;CTRL_ATT;15.0;20.0;5.0;1000;0;0.0;27.921
E08;CTRL_ATT;20.0;25.0;5.0;1000;0;0.0;27.909
E08;CTRL_ATT;25.0;30.0;5.0;1000;0;0.0;27.9
E08;NAV_PLAN;0.0;5.0;5.0;1;0;0.0;0.048
E08;NAV_PLAN;5.0;10.0;5.0;2;1;50.0;0.38
E08;NAV_PLAN;10.0;15.0;5.0;2;1;50.0;0.397
E08;NAV_PLAN;15.0;20.0;5.0;4;2;50.0;0.759
E08;NAV_PLAN;20.0;25.0;5.0;3;1;33.333333333333336;0.419
E08;NAV_PLAN;25.0;30.0;5.0;0;0;;0.0
E08;FAIL_SAFE;0.0;5.0;5.0;0;0;;0.003
E08;FAIL_SAFE;5.0;10.0;5.0;0;0;;0.0
E08;FAIL_SAFE;10.0;15.0;5.0;0;0;;0.0
E08;FAIL_SAFE;15.0;20.0;5.0;0;0;;0.0
E08;FAIL_SAFE;20.0;25.0;5.0;1;1;100.0;0.09
E08;FAIL_SAFE;25.0;30.0;5.0;0;0;;0.0
E09;FUS_IMU;0.0;5.014;5.014;1001;9;0.8991008991008991;41.669
E09;FUS_IMU;5.014;10.014;5.0;1000;13;1.3;42.947
E09;FUS_IMU;10.014;15.014;5.0;1000;13;1.3;42.471
E09;FUS_IMU;15.014;20.015;5.001;1000;5;0.5;41.243
E09;FUS_IMU;20.015;25.015;5.0;1000;4;0.4;41.222
E09;FUS_IMU;25.015;30.015;5.0;1000;3;0.3;41.22
E09;CTRL_ATT;0.0;5.014;5.014;1001;6;0.5994005994005994;27.898
E09;CTRL_ATT;5.014;10.014;5.0;1000;6;0.6;27.94
E09;CTRL_ATT;10.014;15.014;5.0;1000;5;0.5;27.93
E09;CTRL_ATT;15.014;20.015;5.001;1000;3;0.3;27.915
E09;CTRL_ATT;20.015;25.015;5.0;1000;2;0.2;27.913
E09;CTRL_ATT;25.015;30.015;5.0;1000;2;0.2;27.912
E09;NAV_PLAN;0.0;5.014;5.014;3;1;33.333333333333336;0.576
E09;NAV_PLAN;5.014;10.014;5.0;4;2;50.0;0.902
E09;NAV_PLAN;10.014;15.014;5.0;3;2;66.66666666666667;0.782
E09;NAV_PLAN;15.014;20.015;5.001;2;0;0.0;0.208
E09;NAV_PLAN;20.015;25.015;5.0;0;0;;0.0
E09;NAV_PLAN;25.015;30.015;5.0;0;0;;0.0
E09;FAIL_SAFE;0.0;5.014;5.014;0;0;;0.001
E09;FAIL_SAFE;5.014;10.014;5.0;0;0;;0.0
E09;FAIL_SAFE;10.014;15.014;5.0;0;0;;0.0
E09;FAIL_SAFE;15.014;20.015;5.001;1;0;0.0;0.088
E09;FAIL_SAFE;20.015;25.015;5.0;0;0;;0.0
E09;FAIL_SAFE;25.015;30.015;5.0;0;0;;0.0
E10;FUS_IMU;0.0;5.012;5.012;1001;2;0.1998001998001998;13.604
E10;FUS_IMU;5.012;10.012;5.0;1000;3;0.3;14.129
E10;FUS_IMU;10.012;15.012;5.0;1000;2;0.2;14.076
E10;FUS_IMU;15.012;20.012;5.0;1000;3;0.3;13.571
E10;FUS_IMU;20.012;25.012;5.0;1000;2;0.2;13.569
E10;FUS_IMU;25.012;30.012;5.0;1000;2;0.2;13.564
E10;FUS_IMU;30.012;35.012;5.0;1000;2;0.2;13.563
E10;CTRL_ATT;0.0;5.012;5.012;1001;0;0.0;9.281
E10;CTRL_ATT;5.012;10.012;5.0;1000;0;0.0;9.295
E10;CTRL_ATT;10.012;15.012;5.0;1000;0;0.0;9.296
E10;CTRL_ATT;15.012;20.012;5.0;1000;0;0.0;9.297
E10;CTRL_ATT;20.012;25.012;5.0;1000;0;0.0;9.293
E10;CTRL_ATT;25.012;30.012;5.0;1000;0;0.0;9.289
E10;CTRL_ATT;30.012;35.012;5.0;1000;0;0.0;9.288
E10;NAV_PLAN;0.0;5.012;5.012;3;0;0.0;0.317
E10;NAV_PLAN;5.012;10.012;5.0;1;0;0.0;0.111
E10;NAV_PLAN;10.012;15.012;5.0;3;0;0.0;0.27
E10;NAV_PLAN;15.012;20.012;5.0;4;0;0.0;0.414
E10;NAV_PLAN;20.012;25.012;5.0;1;0;0.0;0.085
E10;NAV_PLAN;25.012;30.012;5.0;0;0;;0.0
E10;NAV_PLAN;30.012;35.012;5.0;0;0;;0.0
E10;FAIL_SAFE;0.0;5.012;5.012;0;0;;0.0
E10;FAIL_SAFE;5.012;10.012;5.0;0;0;;0.0
E10;FAIL_SAFE;10.012;15.012;5.0;0;0;;0.0
E10;FAIL_SAFE;15.012;20.012;5.0;0;0;;0.0
E10;FAIL_SAFE;20.012;25.012;5.0;1;0;0.0;0.029
E10;FAIL_SAFE;25.012;30.012;5.0;0;0;;0.0
E10;FAIL_SAFE;30.012;35.012;5.0;0;0;;0.0
