cenario;arquivo;linha;tempo_s;politica;tarefa;jobs;misses;miss_pct;exec_min_us;exec_avg_us;exec_max_us;resp_min_us;resp_avg_us;resp_max_us;lat_inicio_max_us;jitter_avg_us;jitter_max_us;cpu_pct;evento_us;inicio_us;fim_us
01;01_CUSTOM_PREEMPTIVO_80MHz_UNICORE.txt;14;5.0;CUSTOM;FUS_IMU;1000;0;0.0;2027;2028.1;2124;1923;1924.2;2129;5;103.9;105;41.129;5042128;5042024;5044052
01;01_CUSTOM_PREEMPTIVO_80MHz_UNICORE.txt;15;5.0;CUSTOM;CTRL_ATT;1000;0;0.0;1352;1353.3;1419;3410;3411.9;3665;2246;1.0;180;27.894;5042024;5044082;5045435
01;01_CUSTOM_PREEMPTIVO_80MHz_UNICORE.txt;16;5.0;CUSTOM;NAV_PLAN;0;0;0.0;0;0.0;0;0;0.0;0;0;0.0;0;0.001;0;0;0
01;01_CUSTOM_PREEMPTIVO_80MHz_UNICORE.txt;17;5.0;CUSTOM;FAIL_SAFE;0;0;0.0;0;0.0;0;0;0.0;0;0;0.0;0;0.003;0;0;0
01;01_CUSTOM_PREEMPTIVO_80MHz_UNICORE.txt;24;10.0;CUSTOM;FUS_IMU;2000;0;0.0;2027;2030.6;2124;1923;1926.8;2129;5;103.9;105;41.235;10042128;10042024;10044052
01;01_CUSTOM_PREEMPTIVO_80MHz_UNICORE.txt;25;10.0;CUSTOM;CTRL_ATT;2000;0;0.0;1352;1355.0;1419;3410;3416.2;3665;2246;2.4;180;27.94;10042024;10044082;10045435
01;01_CUSTOM_PREEMPTIVO_80MHz_UNICORE.txt;26;10.0;CUSTOM;NAV_PLAN;3;1;33.333;4;20343.0;61005;2212;22410.3;61809;3190;1263.3;2386;0.423;9383292;9385500;9385504
01;01_CUSTOM_PREEMPTIVO_80MHz_UNICORE.txt;27;10.0;CUSTOM;FAIL_SAFE;0;0;0.0;0;0.0;0;0;0.0;0;0;0.0;0;0.0;0;0;0
01;01_CUSTOM_PREEMPTIVO_80MHz_UNICORE.txt;35;15.0;CUSTOM;FUS_IMU;3000;0;0.0;2027;2052.4;2395;1923;1948.5;2291;5;103.9;106;42.492;15042128;15042024;15044384
01;01_CUSTOM_PREEMPTIVO_80MHz_UNICORE.txt;36;15.0;CUSTOM;CTRL_ATT;3000;0;0.0;1352;1355.2;1419;3410;3438.2;3799;2429;44.8;371;27.927;15042024;15044414;15045767
01;01_CUSTOM_PREEMPTIVO_80MHz_UNICORE.txt;37;15.0;CUSTOM;NAV_PLAN;5;2;40.0;4;26099.2;69463;2149;27780.2;69521;3190;1605.4;2386;0.39;14058376;14060521;14060525
01;01_CUSTOM_PREEMPTIVO_80MHz_UNICORE.txt;38;15.0;CUSTOM;FAIL_SAFE;0;0;0.0;0;0.0;0;0;0.0;0;0;0.0;0;0.0;0;0;0
01;01_CUSTOM_PREEMPTIVO_80MHz_UNICORE.txt;48;20.0;CUSTOM;FUS_IMU;4000;0;0.0;2027;2068.2;2395;1923;1964.3;2291;5;103.9;106;42.889;20042128;20042024;20044384
01;01_CUSTOM_PREEMPTIVO_80MHz_UNICORE.txt;49;20.0;CUSTOM;CTRL_ATT;4000;0;0.0;1352;1355.4;1419;3410;3454.3;3799;2429;75.6;371;27.916;20042024;20044414;20045767
01;01_CUSTOM_PREEMPTIVO_80MHz_UNICORE.txt;50;20.0;CUSTOM;NAV_PLAN;9;4;44.444;4;29115.8;69463;62;30270.6;69521;3190;1140.2;2386;0.76;19421290;19421348;19421352
01;01_CUSTOM_PREEMPTIVO_80MHz_UNICORE.txt;51;20.0;CUSTOM;FAIL_SAFE;0;0;0.0;0;0.0;0;0;0.0;0;0;0.0;0;0.0;0;0;0
01;01_CUSTOM_PREEMPTIVO_80MHz_UNICORE.txt;61;25.0;CUSTOM;FUS_IMU;5000;0;0.0;2027;2064.8;2395;1923;1961.4;4288;2242;104.3;2242;41.597;25042128;25042024;25044052
01;01_CUSTOM_PREEMPTIVO_80MHz_UNICORE.txt;62;25.0;CUSTOM;CTRL_ATT;4999;1;0.02;1352;1357.3;10165;3410;3452.8;12223;2429;68.8;371;27.906;25042024;25044082;25045435
01;01_CUSTOM_PREEMPTIVO_80MHz_UNICORE.txt;63;25.0;CUSTOM;NAV_PLAN;12;5;41.667;4;27288.7;69463;28;28422.0;69521;3190;1331.6;2616;0.407;24534958;24535501;24535505
01;01_CUSTOM_PREEMPTIVO_80MHz_UNICORE.txt;64;25.0;CUSTOM;FAIL_SAFE;1;0;0.0;4239;4239.0;4239;4259;4259.0;4259;20;0.0;0;0.089;23019744;23019764;23024003
01;01_CUSTOM_PREEMPTIVO_80MHz_UNICORE.txt;66;30.0;CUSTOM;FUS_IMU;6000;0;0.0;2027;2058.7;2395;1921;1955.2;4288;2242;104.3;2242;41.128;30042128;30042024;30044052
01;01_CUSTOM_PREEMPTIVO_80MHz_UNICORE.txt;67;30.0;CUSTOM;CTRL_ATT;5999;1;0.017;1352;1356.6;10165;3410;3445.9;12223;2429;57.4;371;27.908;30042024;30044082;30045435
01;01_CUSTOM_PREEMPTIVO_80MHz_UNICORE.txt;68;30.0;CUSTOM;NAV_PLAN;12;5;41.667;4;27288.7;69463;28;28422.0;69521;3190;1331.6;2616;0.0;24534958;24535501;24535505
01;01_CUSTOM_PREEMPTIVO_80MHz_UNICORE.txt;69;30.0;CUSTOM;FAIL_SAFE;1;0;0.0;4239;4239.0;4239;4259;4259.0;4259;20;0.0;0;0.0;23019744;23019764;23024003
01;01_CUSTOM_PREEMPTIVO_80MHz_UNICORE.txt;70;35.0;CUSTOM;FUS_IMU;7000;0;0.0;2027;2054.3;2395;1921;1950.7;4288;2242;104.2;2242;41.128;35042128;35042024;35044052
01;01_CUSTOM_PREEMPTIVO_80MHz_UNICORE.txt;71;35.0;CUSTOM;CTRL_ATT;6999;1;0.014;1352;1356.1;10165;3410;3441.0;12223;2429;49.4;371;27.88;35042024;35044082;35045435
01;01_CUSTOM_PREEMPTIVO_80MHz_UNICORE.txt;72;35.0;CUSTOM;NAV_PLAN;12;5;41.667;4;27288.7;69463;28;28422.0;69521;3190;1331.6;2616;0.0;24534958;24535501;24535505
01;01_CUSTOM_PREEMPTIVO_80MHz_UNICORE.txt;73;35.0;CUSTOM;FAIL_SAFE;1;0;0.0;4239;4239.0;4239;4259;4259.0;4259;20;0.0;0;0.0;23019744;23019764;23024003
02;02_CUSTOM_PREEMPTIVO_240MHz_UNICORE.txt;14;5.0;CUSTOM;FUS_IMU;1000;0;0.0;669;669.1;763;615;615.2;763;0;53.9;54;13.582;5040621;5040567;5041236
02;02_CUSTOM_PREEMPTIVO_240MHz_UNICORE.txt;15;5.0;CUSTOM;CTRL_ATT;1000;0;0.0;451;451.1;513;1130;1131.1;1402;889;1.8;206;9.303;5040567;5041246;5041697
02;02_CUSTOM_PREEMPTIVO_240MHz_UNICORE.txt;16;5.0;CUSTOM;NAV_PLAN;0;0;0.0;0;0.0;0;0;0.0;0;0;0.0;0;0.0;0;0;0
02;02_CUSTOM_PREEMPTIVO_240MHz_UNICORE.txt;17;5.0;CUSTOM;FAIL_SAFE;0;0;0.0;0;0.0;0;0;0.0;0;0;0.0;0;0.002;0;0;0
02;02_CUSTOM_PREEMPTIVO_240MHz_UNICORE.txt;24;10.0;CUSTOM;FUS_IMU;2000;0;0.0;668;669.5;763;615;615.5;763;0;54.0;54;13.595;10040621;10040567;10041236
02;02_CUSTOM_PREEMPTIVO_240MHz_UNICORE.txt;25;10.0;CUSTOM;CTRL_ATT;2000;0;0.0;451;451.3;513;1129;1131.7;1402;889;2.3;206;9.313;10040567;10041246;10041697
02;02_CUSTOM_PREEMPTIVO_240MHz_UNICORE.txt;26;10.0;CUSTOM;NAV_PLAN;3;0;0.0;2;2409.0;7204;12;2816.7;8352;1148;740.3;1138;0.252;9283736;9283746;9283748
02;02_CUSTOM_PREEMPTIVO_240MHz_UNICORE.txt;27;10.0;CUSTOM;FAIL_SAFE;0;0;0.0;0;0.0;0;0;0.0;0;0;0.0;0;0.0;0;0;0
02;02_CUSTOM_PREEMPTIVO_240MHz_UNICORE.txt;37;15.0;CUSTOM;FUS_IMU;3000;0;0.0;668;677.7;791;615;623.7;763;0;54.0;54;14.082;15040621;15040567;15041346
02;02_CUSTOM_PREEMPTIVO_240MHz_UNICORE.txt;38;15.0;CUSTOM;CTRL_ATT;3000;0;0.0;451;451.5;513;1129;1140.1;1402;889;18.4;206;9.315;15040567;15041357;15041808
02;02_CUSTOM_PREEMPTIVO_240MHz_UNICORE.txt;39;15.0;CUSTOM;NAV_PLAN;6;0;0.0;1;3763.0;7730;11;3971.7;8352;1148;370.5;1138;0.293;14549306;14549316;14556936
02;02_CUSTOM_PREEMPTIVO_240MHz_UNICORE.txt;40;15.0;CUSTOM;FAIL_SAFE;0;0;0.0;0;0.0;0;0;0.0;0;0;0.0;0;0.0;0;0;0
02;02_CUSTOM_PREEMPTIVO_240MHz_UNICORE.txt;52;20.0;CUSTOM;FUS_IMU;4000;0;0.0;668;682.7;791;615;628.7;763;0;54.0;54;14.154;20040621;20040567;20041346
02;02_CUSTOM_PREEMPTIVO_240MHz_UNICORE.txt;53;20.0;CUSTOM;CTRL_ATT;4000;0;0.0;451;451.5;513;1129;1145.2;1402;889;28.3;206;9.315;20040567;20041357;20041808
02;02_CUSTOM_PREEMPTIVO_240MHz_UNICORE.txt;54;20.0;CUSTOM;NAV_PLAN;11;0;0.0;1;3500.9;8662;11;3643.2;8672;1148;249.0;1138;0.456;19088090;19088114;19088116
02;02_CUSTOM_PREEMPTIVO_240MHz_UNICORE.txt;55;20.0;CUSTOM;FAIL_SAFE;0;0;0.0;0;0.0;0;0;0.0;0;0;0.0;0;0.0;0;0;0
02;02_CUSTOM_PREEMPTIVO_240MHz_UNICORE.txt;61;25.0;CUSTOM;FUS_IMU;5000;0;0.0;668;680.7;794;615;626.9;1440;767;54.1;767;13.657;25040621;25040567;25041236
02;02_CUSTOM_PREEMPTIVO_240MHz_UNICORE.txt;62;25.0;CUSTOM;CTRL_ATT;5000;0;0.0;447;451.5;513;1129;1143.2;1402;889;24.5;206;9.306;25040567;25041246;25041697
02;02_CUSTOM_PREEMPTIVO_240MHz_UNICORE.txt;63;25.0;CUSTOM;NAV_PLAN;12;0;0.0;1;3209.2;8662;11;3340.5;8672;1148;229.4;1138;0.064;22109162;22109172;22109173
02;02_CUSTOM_PREEMPTIVO_240MHz_UNICORE.txt;64;25.0;CUSTOM;FAIL_SAFE;1;0;0.0;1339;1339.0;1339;1348;1348.0;1348;9;0.0;0;0.029;20444906;20444915;20446254
02;02_CUSTOM_PREEMPTIVO_240MHz_UNICORE.txt;66;30.0;CUSTOM;FUS_IMU;6000;0;0.0;668;678.8;794;615;624.9;1440;767;54.1;767;13.576;30040621;30040567;30041236
02;02_CUSTOM_PREEMPTIVO_240MHz_UNICORE.txt;67;30.0;CUSTOM;CTRL_ATT;6000;0;0.0;447;451.4;513;1129;1141.1;1402;889;20.7;206;9.3;30040567;30041246;30041697
02;02_CUSTOM_PREEMPTIVO_240MHz_UNICORE.txt;68;30.0;CUSTOM;NAV_PLAN;12;0;0.0;1;3209.2;8662;11;3340.5;8672;1148;229.4;1138;0.0;22109162;22109172;22109173
02;02_CUSTOM_PREEMPTIVO_240MHz_UNICORE.txt;69;30.0;CUSTOM;FAIL_SAFE;1;0;0.0;1339;1339.0;1339;1348;1348.0;1348;9;0.0;0;0.0;20444906;20444915;20446254
02;02_CUSTOM_PREEMPTIVO_240MHz_UNICORE.txt;70;35.0;CUSTOM;FUS_IMU;7000;0;0.0;668;677.4;794;615;623.5;1440;767;54.1;767;13.576;35040621;35040567;35041236
02;02_CUSTOM_PREEMPTIVO_240MHz_UNICORE.txt;71;35.0;CUSTOM;CTRL_ATT;7000;0;0.0;447;451.3;513;1129;1139.6;1402;889;17.9;206;9.3;35040567;35041246;35041697
02;02_CUSTOM_PREEMPTIVO_240MHz_UNICORE.txt;72;35.0;CUSTOM;NAV_PLAN;12;0;0.0;1;3209.2;8662;11;3340.5;8672;1148;229.4;1138;0.0;22109162;22109172;22109173
02;02_CUSTOM_PREEMPTIVO_240MHz_UNICORE.txt;73;35.0;CUSTOM;FAIL_SAFE;1;0;0.0;1339;1339.0;1339;1348;1348.0;1348;9;0.0;0;0.0;20444906;20444915;20446254
03;03_CUSTOM_COOPERATIVO_80MHz_UNICORE.txt;18;5.014;CUSTOM;FUS_IMU;1001;4;0.4;2021;2224.9;3035;1103;1343.6;7179;5135;934.2;5135;41.194;5059938;5059015;5061269
03;03_CUSTOM_COOPERATIVO_80MHz_UNICORE.txt;19;5.014;CUSTOM;CTRL_ATT;996;0;0.0;1352;1354.8;1423;3406;3612.1;4419;3065;395.6;1008;27.725;5059015;5061300;5062652
03;03_CUSTOM_COOPERATIVO_80MHz_UNICORE.txt;20;5.014;CUSTOM;NAV_PLAN;2;1;50.0;20;22946.0;45872;3328;24610.5;45893;3308;1643.5;3287;0.376;4717725;4717746;4763618
03;03_CUSTOM_COOPERATIVO_80MHz_UNICORE.txt;21;5.014;CUSTOM;FAIL_SAFE;0;0;0.0;0;0.0;0;0;0.0;0;0;0.0;0;0.003;0;0;0
03;03_CUSTOM_COOPERATIVO_80MHz_UNICORE.txt;27;10.015;CUSTOM;FUS_IMU;2001;6;0.3;2021;2235.4;3036;1103;1342.2;7179;5135;931.2;5135;41.652;10059938;10059015;10062051
03;03_CUSTOM_COOPERATIVO_80MHz_UNICORE.txt;28;10.015;CUSTOM;CTRL_ATT;1994;0;0.0;1352;1354.8;1423;3406;3622.2;4433;3069;389.8;1012;27.856;10059015;10062081;10063436
03;03_CUSTOM_COOPERATIVO_80MHz_UNICORE.txt;29;10.015;CUSTOM;NAV_PLAN;3;1;33.333;8;15300.0;45872;38;16419.7;45893;3308;1098.7;3287;0.047;7317524;7317554;7317562
03;03_CUSTOM_COOPERATIVO_80MHz_UNICORE.txt;30;10.015;CUSTOM;FAIL_SAFE;0;0;0.0;0;0.0;0;0;0.0;0;0;0.0;0;0.0;0;0;0
03;03_CUSTOM_COOPERATIVO_80MHz_UNICORE.txt;40;15.014;CUSTOM;FUS_IMU;3001;13;0.433;2021;2258.8;3070;1103;1378.4;7483;5135;935.8;5135;42.961;15059938;15059015;15061367
03;03_CUSTOM_COOPERATIVO_80MHz_UNICORE.txt;41;15.014;CUSTOM;CTRL_ATT;2985;0;0.0;1352;1355.1;1423;3406;3645.9;4470;3101;371.4;1014;27.683;15059015;15061397;15062767
03;03_CUSTOM_COOPERATIVO_80MHz_UNICORE.txt;42;15.014;CUSTOM;NAV_PLAN;7;3;42.857;8;19206.6;46663;38;20964.6;46686;3420;1922.0;3397;0.819;14959678;14963098;14963106
03;03_CUSTOM_COOPERATIVO_80MHz_UNICORE.txt;43;15.014;CUSTOM;FAIL_SAFE;0;0;0.0;0;0.0;0;0;0.0;0;0;0.0;0;0.0;0;0;0
03;03_CUSTOM_COOPERATIVO_80MHz_UNICORE.txt;49;20.015;CUSTOM;FUS_IMU;4001;17;0.425;2021;2266.2;3070;1103;1385.3;7483;5135;935.8;5135;42.544;20059938;20059015;20061747
03;03_CUSTOM_COOPERATIVO_80MHz_UNICORE.txt;50;20.015;CUSTOM;CTRL_ATT;3980;1;0.025;1352;1355.6;3545;3406;3654.0;5973;3101;366.9;1014;27.774;20059015;20061777;20063145
03;03_CUSTOM_COOPERATIVO_80MHz_UNICORE.txt;51;20.015;CUSTOM;NAV_PLAN;9;4;44.444;8;19576.8;46663;38;21154.9;46686;3420;2078.0;3397;0.372;18725629;18727503;18727511
03;03_CUSTOM_COOPERATIVO_80MHz_UNICORE.txt;52;20.015;CUSTOM;FAIL_SAFE;0;0;0.0;0;0.0;0;0;0.0;0;0;0.0;0;0.0;0;0;0
03;03_CUSTOM_COOPERATIVO_80MHz_UNICORE.txt;60;25.015;CUSTOM;FUS_IMU;5001;21;0.42;2021;2257.8;3070;1103;1378.4;7483;5159;936.5;5159;41.27;25059938;25059015;25061860
03;03_CUSTOM_COOPERATIVO_80MHz_UNICORE.txt;61;25.015;CUSTOM;CTRL_ATT;4973;3;0.06;1352;1357.8;10620;3405;3647.9;12677;3101;372.5;1014;27.727;25059015;25061895;25063261
03;03_CUSTOM_COOPERATIVO_80MHz_UNICORE.txt;62;25.015;CUSTOM;NAV_PLAN;11;5;45.455;8;19836.5;46663;38;21230.9;46686;3420;1829.0;3397;0.372;21297069;21297526;21297534
03;03_CUSTOM_COOPERATIVO_80MHz_UNICORE.txt;63;25.015;CUSTOM;FAIL_SAFE;1;0;0.0;4778;4778.0;4778;4799;4799.0;4799;21;0.0;0;0.088;24597092;24597113;24601891
03;03_CUSTOM_COOPERATIVO_80MHz_UNICORE.txt;67;30.014;CUSTOM;FUS_IMU;6001;24;0.4;2021;2252.8;3070;1103;1370.2;7483;5159;935.9;5159;41.255;30059938;30059015;30061224
03;03_CUSTOM_COOPERATIVO_80MHz_UNICORE.txt;68;30.014;CUSTOM;CTRL_ATT;5969;3;0.05;1352;1357.2;10620;3404;3642.2;12677;3101;377.8;1014;27.796;30059015;30061259;30062612
03;03_CUSTOM_COOPERATIVO_80MHz_UNICORE.txt;69;30.014;CUSTOM;NAV_PLAN;12;5;41.667;8;18184.2;46663;38;19746.9;46686;3420;1923.1;3397;0.096;25909849;25913264;25913272
03;03_CUSTOM_COOPERATIVO_80MHz_UNICORE.txt;70;30.014;CUSTOM;FAIL_SAFE;1;0;0.0;4778;4778.0;4778;4799;4799.0;4799;21;0.0;0;0.0;24597092;24597113;24601891
03;03_CUSTOM_COOPERATIVO_80MHz_UNICORE.txt;72;35.015;CUSTOM;FUS_IMU;7001;26;0.371;2021;2248.5;3070;1103;1362.7;7483;5159;934.8;5159;41.233;35059938;35059015;35061853
03;03_CUSTOM_COOPERATIVO_80MHz_UNICORE.txt;73;35.015;CUSTOM;CTRL_ATT;6967;3;0.043;1352;1356.7;10620;3404;3637.4;12677;3101;380.2;1014;27.837;35059015;35061888;35063254
03;03_CUSTOM_COOPERATIVO_80MHz_UNICORE.txt;74;35.015;CUSTOM;NAV_PLAN;12;5;41.667;8;18184.2;46663;38;19746.9;46686;3420;1923.1;3397;0.0;25909849;25913264;25913272
03;03_CUSTOM_COOPERATIVO_80MHz_UNICORE.txt;75;35.015;CUSTOM;FAIL_SAFE;1;0;0.0;4778;4778.0;4778;4799;4799.0;4799;21;0.0;0;0.0;24597092;24597113;24601891
04;04_CUSTOM_COOPERATIVO_240MHz_UNICORE.txt;18;5.012;CUSTOM;FUS_IMU;1001;2;0.2;666;669.2;995;181;295.2;5649;4976;431.2;4976;13.558;5056043;5055556;5056224
04;04_CUSTOM_COOPERATIVO_240MHz_UNICORE.txt;19;5.012;CUSTOM;CTRL_ATT;997;0;0.0;447;450.7;514;1127;1130.2;1430;916;2.7;235;9.239;5055556;5056234;5056686
04;04_CUSTOM_COOPERATIVO_240MHz_UNICORE.txt;20;5.012;CUSTOM;NAV_PLAN;2;0;0.0;21;2681.5;5342;86;2718.5;5351;65;28.0;56;0.214;4126709;4126718;4132060
04;04_CUSTOM_COOPERATIVO_240MHz_UNICORE.txt;21;5.012;CUSTOM;FAIL_SAFE;0;0;0.0;0;0.0;0;0;0.0;0;0;0.0;0;0.002;0;0;0
04;04_CUSTOM_COOPERATIVO_240MHz_UNICORE.txt;29;10.012;CUSTOM;FUS_IMU;2001;4;0.2;666;678.7;995;180;307.0;5649;4976;430.6;4976;13.964;10056043;10056082;10056755
04;04_CUSTOM_COOPERATIVO_240MHz_UNICORE.txt;30;10.012;CUSTOM;CTRL_ATT;1994;0;0.0;447;450.7;514;1127;1139.9;1430;916;21.3;235;9.257;10056082;10056769;10057216
04;04_CUSTOM_COOPERATIVO_240MHz_UNICORE.txt;31;10.012;CUSTOM;NAV_PLAN;4;0;0.0;6;3195.8;7414;27;3222.0;7424;65;19.8;56;0.207;8993479;8993489;9000903
04;04_CUSTOM_COOPERATIVO_240MHz_UNICORE.txt;32;10.012;CUSTOM;FAIL_SAFE;0;0;0.0;0;0.0;0;0;0.0;0;0;0.0;0;0.0;0;0;0
04;04_CUSTOM_COOPERATIVO_240MHz_UNICORE.txt;40;15.012;CUSTOM;FUS_IMU;3001;9;0.3;666;684.7;995;180;316.6;5774;5102;432.9;5102;14.133;15056043;15056106;15056779
04;04_CUSTOM_COOPERATIVO_240MHz_UNICORE.txt;41;15.012;CUSTOM;CTRL_ATT;2988;0;0.0;447;450.7;514;1127;1145.8;1430;916;32.9;235;9.228;15056106;15056789;15057236
04;04_CUSTOM_COOPERATIVO_240MHz_UNICORE.txt;42;15.012;CUSTOM;NAV_PLAN;7;0;0.0;5;2792.3;7414;15;2813.7;7424;65;16.0;56;0.486;13960253;13960262;13960268
04;04_CUSTOM_COOPERATIVO_240MHz_UNICORE.txt;43;15.012;CUSTOM;FAIL_SAFE;0;0;0.0;0;0.0;0;0;0.0;0;0;0.0;0;0.0;0;0;0
04;04_CUSTOM_COOPERATIVO_240MHz_UNICORE.txt;49;20.012;CUSTOM;FUS_IMU;4001;13;0.325;666;682.8;995;179;314.8;5790;5118;432.9;5118;13.744;20056043;20055910;20056583
04;04_CUSTOM_COOPERATIVO_240MHz_UNICORE.txt;50;20.012;CUSTOM;CTRL_ATT;3984;0;0.0;447;450.7;514;1127;1144.0;1430;916;29.3;235;9.251;20055910;20056594;20057041
04;04_CUSTOM_COOPERATIVO_240MHz_UNICORE.txt;51;20.012;CUSTOM;NAV_PLAN;9;0;0.0;5;2766.6;7414;15;2786.8;7424;65;15.2;56;0.207;17029265;17029275;17029280
04;04_CUSTOM_COOPERATIVO_240MHz_UNICORE.txt;52;20.012;CUSTOM;FAIL_SAFE;0;0;0.0;0;0.0;0;0;0.0;0;0;0.0;0;0.0;0;0;0
04;04_CUSTOM_COOPERATIVO_240MHz_UNICORE.txt;62;25.012;CUSTOM;FUS_IMU;5001;15;0.3;666;680.1;995;179;313.1;5790;5118;433.1;5118;13.576;25056043;25055556;25056224
04;04_CUSTOM_COOPERATIVO_240MHz_UNICORE.txt;63;25.012;CUSTOM;CTRL_ATT;4980;0;0.0;447;450.7;514;1127;1141.3;1430;916;23.9;235;9.256;25055556;25056234;25056686
04;04_CUSTOM_COOPERATIVO_240MHz_UNICORE.txt;64;25.012;CUSTOM;NAV_PLAN;12;0;0.0;5;2522.9;7414;15;2541.5;7424;65;13.5;56;0.284;24364069;24364078;24364084
04;04_CUSTOM_COOPERATIVO_240MHz_UNICORE.txt;65;25.012;CUSTOM;FAIL_SAFE;1;0;0.0;1339;1339.0;1339;1347;1347.0;1347;8;0.0;0;0.03;22863822;22863830;22865169
04;04_CUSTOM_COOPERATIVO_240MHz_UNICORE.txt;67;30.012;CUSTOM;FUS_IMU;6001;17;0.283;666;678.2;995;179;310.1;5825;5153;432.1;5153;13.567;30056043;30055556;30056224
04;04_CUSTOM_COOPERATIVO_240MHz_UNICORE.txt;68;30.012;CUSTOM;CTRL_ATT;5977;0;0.0;447;450.7;514;1127;1139.3;1430;916;20.2;235;9.257;30055556;30056234;30056686
04;04_CUSTOM_COOPERATIVO_240MHz_UNICORE.txt;69;30.012;CUSTOM;NAV_PLAN;12;0;0.0;5;2522.9;7414;15;2541.5;7424;65;13.5;56;0.0;24364069;24364078;24364084
04;04_CUSTOM_COOPERATIVO_240MHz_UNICORE.txt;70;30.012;CUSTOM;FAIL_SAFE;1;0;0.0;1339;1339.0;1339;1347;1347.0;1347;8;0.0;0;0.0;22863822;22863830;22865169
04;04_CUSTOM_COOPERATIVO_240MHz_UNICORE.txt;71;35.012;CUSTOM;FUS_IMU;7001;19;0.271;666;676.8;995;179;307.2;5825;5153;431.1;5153;13.566;35056043;35056135;35056807
04;04_CUSTOM_COOPERATIVO_240MHz_UNICORE.txt;72;35.012;CUSTOM;CTRL_ATT;6974;0;0.0;447;450.6;514;1127;1137.9;1430;916;17.6;235;9.255;35056135;35056818;35057265
04;04_CUSTOM_COOPERATIVO_240MHz_UNICORE.txt;73;35.012;CUSTOM;NAV_PLAN;12;0;0.0;5;2522.9;7414;15;2541.5;7424;65;13.5;56;0.0;24364069;24364078;24364084
04;04_CUSTOM_COOPERATIVO_240MHz_UNICORE.txt;74;35.012;CUSTOM;FAIL_SAFE;1;0;0.0;1339;1339.0;1339;1347;1347.0;1347;8;0.0;0;0.0;22863822;22863830;22865169
05;05_DM_PREEMPTIVO_80MHz_UNICORE.txt;20;5.0;DM;FUS_IMU;1000;0;0.0;2027;2030.0;2124;1923;1926.2;2129;5;103.9;105;41.178;5042136;5042032;5044060
05;05_DM_PREEMPTIVO_80MHz_UNICORE.txt;21;5.0;DM;CTRL_ATT;1000;0;0.0;1352;1353.9;1419;3410;3415.0;3665;2246;2.6;180;27.926;5042032;5044090;5045443
05;05_DM_PREEMPTIVO_80MHz_UNICORE.txt;22;5.0;DM;NAV_PLAN;3;1;33.333;4;20118.7;60332;1609;22486.3;63411;3079;711.3;1474;0.441;4503924;4505529;4505533
05;05_DM_PREEMPTIVO_80MHz_UNICORE.txt;23;5.0;DM;FAIL_SAFE;0;0;0.0;0;0.0;0;0;0.0;0;0;0.0;0;0.003;0;0;0
05;05_DM_PREEMPTIVO_80MHz_UNICORE.txt;31;10.0;DM;FUS_IMU;2000;0;0.0;2027;2057.5;2395;1923;1953.6;2291;5;103.9;105;42.273;10042136;10042032;10044391
05;05_DM_PREEMPTIVO_80MHz_UNICORE.txt;32;10.0;DM;CTRL_ATT;2000;0;0.0;1352;1353.6;1419;3410;3442.0;3795;2425;57.5;363;27.849;10042032;10044422;10045774
05;05_DM_PREEMPTIVO_80MHz_UNICORE.txt;33;10.0;DM;NAV_PLAN;5;2;40.0;4;25101.6;65148;1609;26859.4;65171;3079;1071.2;1640;0.395;9864181;9865844;9865848
05;05_DM_PREEMPTIVO_80MHz_UNICORE.txt;34;10.0;DM;FAIL_SAFE;0;0;0.0;0;0.0;0;0;0.0;0;0;0.0;0;0.0;0;0;0
05;05_DM_PREEMPTIVO_80MHz_UNICORE.txt;38;15.0;DM;FUS_IMU;3000;0;0.0;2027;2075.5;2395;1923;1971.6;2291;5;103.9;105;42.805;15042136;15042032;15044427
05;05_DM_PREEMPTIVO_80MHz_UNICORE.txt;39;15.0;DM;CTRL_ATT;3000;0;0.0;1352;1353.5;1419;3410;3459.9;3795;2425;93.8;366;27.901;15042032;15044457;15045827
05;05_DM_PREEMPTIVO_80MHz_UNICORE.txt;40;15.0;DM;NAV_PLAN;6;3;50.0;4;31903.0;65910;1609;33862.5;68878;3079;1110.2;1640;0.336;14967544;14970512;15036422
05;05_DM_PREEMPTIVO_80MHz_UNICORE.txt;41;15.0;DM;FAIL_SAFE;0;0;0.0;0;0.0;0;0;0.0;0;0;0.0;0;0.0;0;0;0
05;05_DM_PREEMPTIVO_80MHz_UNICORE.txt;45;20.0;DM;FUS_IMU;4000;0;0.0;2027;2070.7;2395;1923;1966.7;2291;5;103.9;105;41.698;20042136;20042032;20044060
05;05_DM_PREEMPTIVO_80MHz_UNICORE.txt;46;20.0;DM;CTRL_ATT;4000;0;0.0;1352;1353.5;1419;3410;3455.0;3795;2425;84.2;366;27.856;20042032;20044090;20045443
05;05_DM_PREEMPTIVO_80MHz_UNICORE.txt;47;20.0;DM;NAV_PLAN;7;3;42.857;4;27346.0;65910;1234;29201.3;68878;3079;1199.9;1738;0.046;19019282;19020512;19020516
05;05_DM_PREEMPTIVO_80MHz_UNICORE.txt;48;20.0;DM;FAIL_SAFE;0;0;0.0;0;0.0;0;0;0.0;0;0;0.0;0;0.0;0;0;0
05;05_DM_PREEMPTIVO_80MHz_UNICORE.txt;54;25.0;DM;FUS_IMU;5000;0;0.0;2027;2062.3;2395;1920;1958.4;2291;5;103.9;108;41.153;25042136;25042032;25044059
05;05_DM_PREEMPTIVO_80MHz_UNICORE.txt;55;25.0;DM;CTRL_ATT;5000;0;0.0;1352;1353.4;1419;3410;3446.5;3795;2425;67.7;366;27.877;25042032;25044090;25045443
05;05_DM_PREEMPTIVO_80MHz_UNICORE.txt;56;25.0;DM;NAV_PLAN;9;4;44.444;4;27994.7;65910;1234;29902.8;68878;3079;1190.1;1738;0.381;24823902;24825512;24825516
05;05_DM_PREEMPTIVO_80MHz_UNICORE.txt;57;25.0;DM;FAIL_SAFE;0;0;0.0;0;0.0;0;0;0.0;0;0;0.0;0;0.0;0;0;0
05;05_DM_PREEMPTIVO_80MHz_UNICORE.txt;63;30.0;DM;FUS_IMU;6000;0;0.0;2027;2056.7;2395;1920;1952.8;2291;5;104.0;108;41.157;30042136;30042032;30044060
05;05_DM_PREEMPTIVO_80MHz_UNICORE.txt;64;30.0;DM;CTRL_ATT;6000;0;0.0;1352;1353.4;1419;3410;3441.0;3795;2425;56.7;366;27.914;30042032;30044090;30045443
05;05_DM_PREEMPTIVO_80MHz_UNICORE.txt;65;30.0;DM;NAV_PLAN;11;5;45.455;4;28370.5;65910;1234;30287.4;68878;3079;1122.8;1738;0.381;29022913;29025531;29025535
05;05_DM_PREEMPTIVO_80MHz_UNICORE.txt;66;30.0;DM;FAIL_SAFE;0;0;0.0;0;0.0;0;0;0.0;0;0;0.0;0;0.0;0;0;0
05;05_DM_PREEMPTIVO_80MHz_UNICORE.txt;72;35.0;DM;FUS_IMU;7000;0;0.0;2027;2052.7;2395;1920;1948.8;2291;5;104.0;108;41.151;35042136;35042032;35044060
05;05_DM_PREEMPTIVO_80MHz_UNICORE.txt;73;35.0;DM;CTRL_ATT;7000;0;0.0;1352;1353.4;1419;3410;3437.0;3795;2425;48.8;366;27.862;35042032;35044090;35045443
05;05_DM_PREEMPTIVO_80MHz_UNICORE.txt;74;35.0;DM;NAV_PLAN;12;5;41.667;4;26006.8;65910;63;27768.7;68878;3079;1242.6;2560;0.042;32391468;32391526;32391531
05;05_DM_PREEMPTIVO_80MHz_UNICORE.txt;75;35.0;DM;FAIL_SAFE;1;1;100.0;14768;14768.0;14768;14792;14792.0;14792;24;0.0;0;0.09;30695761;30695785;30710553
06;06_DM_PREEMPTIVO_240MHz_UNICORE.txt;20;5.0;DM;FUS_IMU;1000;0;0.0;668;669.6;763;614;615.7;763;0;53.9;54;13.585;5040629;5040575;5041244
06;06_DM_PREEMPTIVO_240MHz_UNICORE.txt;21;5.0;DM;CTRL_ATT;1000;0;0.0;451;451.5;513;1130;1131.6;1402;889;1.8;206;9.311;5040575;5041254;5041705
06;06_DM_PREEMPTIVO_240MHz_UNICORE.txt;22;5.0;DM;NAV_PLAN;3;0;0.0;2;2703.0;8086;55;2747.7;8099;68;31.7;55;0.268;4771679;4771732;4771734
06;06_DM_PREEMPTIVO_240MHz_UNICORE.txt;23;5.0;DM;FAIL_SAFE;0;0;0.0;0;0.0;0;0;0.0;0;0;0.0;0;0.002;0;0;0
06;06_DM_PREEMPTIVO_240MHz_UNICORE.txt;29;10.0;DM;FUS_IMU;2000;0;0.0;668;675.8;790;614;621.8;763;0;54.0;54;13.829;10040629;10040575;10041354
06;06_DM_PREEMPTIVO_240MHz_UNICORE.txt;30;10.0;DM;CTRL_ATT;2000;0;0.0;451;451.3;513;1130;1137.6;1402;889;14.1;206;9.304;10040575;10041365;10041816
06;06_DM_PREEMPTIVO_240MHz_UNICORE.txt;31;10.0;DM;NAV_PLAN;4;0;0.0;2;3770.8;8086;55;3806.5;8099;68;34.8;55;0.113;9772641;9772650;9779624
06;06_DM_PREEMPTIVO_240MHz_UNICORE.txt;32;10.0;DM;FAIL_SAFE;0;0;0.0;0;0.0;0;0;0.0;0;0;0.0;0;0.0;0;0;0
06;06_DM_PREEMPTIVO_240MHz_UNICORE.txt;38;15.0;DM;FUS_IMU;3000;0;0.0;668;682.8;797;614;628.9;763;0;54.0;54;14.134;15040629;15040575;15041354
06;06_DM_PREEMPTIVO_240MHz_UNICORE.txt;39;15.0;DM;CTRL_ATT;3000;0;0.0;451;451.3;513;1130;1144.7;1402;889;28.3;206;9.307;15040575;15041365;15041816
06;06_DM_PREEMPTIVO_240MHz_UNICORE.txt;40;15.0;DM;NAV_PLAN;6;0;0.0;2;3616.7;8086;55;3807.8;8099;925;175.8;846;0.183;13340922;13341847;13348462
06;06_DM_PREEMPTIVO_240MHz_UNICORE.txt;41;15.0;DM;FAIL_SAFE;0;0;0.0;0;0.0;0;0;0.0;0;0;0.0;0;0.0;0;0;0
06;06_DM_PREEMPTIVO_240MHz_UNICORE.txt;46;20.0;DM;FUS_IMU;4000;0;0.0;668;683.1;797;614;629.1;763;0;54.0;54;13.87;20040629;20040575;20041244
06;06_DM_PREEMPTIVO_240MHz_UNICORE.txt;47;20.0;DM;CTRL_ATT;4000;0;0.0;451;451.3;513;1129;1145.0;1402;889;29.0;206;9.302;20040575;20041254;20041705
06;06_DM_PREEMPTIVO_240MHz_UNICORE.txt;48;20.0;DM;NAV_PLAN;8;0;0.0;2;3750.2;8300;28;3898.5;8313;925;245.9;899;0.182;20025552;20025565;20033865
06;06_DM_PREEMPTIVO_240MHz_UNICORE.txt;49;20.0;DM;FAIL_SAFE;0;0;0.0;0;0.0;0;0;0.0;0;0;0.0;0;0.0;0;0;0
06;06_DM_PREEMPTIVO_240MHz_UNICORE.txt;60;25.0;DM;FUS_IMU;5000;0;0.0;668;680.4;797;614;626.4;763;0;54.0;54;13.581;25040629;25040575;25041244
06;06_DM_PREEMPTIVO_240MHz_UNICORE.txt;61;25.0;DM;CTRL_ATT;5000;0;0.0;451;451.3;513;1129;1142.3;1402;889;23.5;206;9.31;25040575;25041258;25041709
06;06_DM_PREEMPTIVO_240MHz_UNICORE.txt;62;25.0;DM;NAV_PLAN;11;0;0.0;1;3322.2;8300;15;3478.8;8313;925;269.1;899;0.245;23377408;23377422;23377423
06;06_DM_PREEMPTIVO_240MHz_UNICORE.txt;63;25.0;DM;FAIL_SAFE;1;0;0.0;3149;3149.0;3149;3162;3162.0;3162;13;0.0;0;0.03;24855517;24855530;24858679
06;06_DM_PREEMPTIVO_240MHz_UNICORE.txt;67;30.0;DM;FUS_IMU;6000;0;0.0;668;678.6;797;614;624.6;763;0;54.0;54;13.571;30040629;30040575;30041244
06;06_DM_PREEMPTIVO_240MHz_UNICORE.txt;68;30.0;DM;CTRL_ATT;6000;0;0.0;451;451.3;513;1129;1140.4;1402;889;19.8;206;9.304;30040575;30041258;30041709
06;06_DM_PREEMPTIVO_240MHz_UNICORE.txt;69;30.0;DM;NAV_PLAN;12;0;0.0;1;3045.4;8300;15;3190.2;8313;925;246.7;899;0.066;26762381;26762395;26762396
06;06_DM_PREEMPTIVO_240MHz_UNICORE.txt;70;30.0;DM;FAIL_SAFE;1;0;0.0;3149;3149.0;3149;3162;3162.0;3162;13;0.0;0;0.0;24855517;24855530;24858679
06;06_DM_PREEMPTIVO_240MHz_UNICORE.txt;72;35.0;DM;FUS_IMU;7000;0;0.0;668;677.2;797;614;623.2;763;0;54.0;54;13.568;35040629;35040575;35041244
06;06_DM_PREEMPTIVO_240MHz_UNICORE.txt;73;35.0;DM;CTRL_ATT;7000;0;0.0;451;451.3;513;1129;1139.0;1402;889;17.1;206;9.302;35040575;35041258;35041709
06;06_DM_PREEMPTIVO_240MHz_UNICORE.txt;74;35.0;DM;NAV_PLAN;12;0;0.0;1;3045.4;8300;15;3190.2;8313;925;246.7;899;0.0;26762381;26762395;26762396
06;06_DM_PREEMPTIVO_240MHz_UNICORE.txt;75;35.0;DM;FAIL_SAFE;1;0;0.0;3149;3149.0;3149;3162;3162.0;3162;13;0.0;0;0.0;24855517;24855530;24858679
07;07_DM_COOPERATIVO_80MHz_UNICORE.txt;19;5.015;DM;FUS_IMU;1001;8;0.799;2024;2225.3;3058;1087;1355.7;6939;4913;967.6;4913;41.169;5059962;5059022;5062080
07;07_DM_COOPERATIVO_80MHz_UNICORE.txt;20;5.015;DM;CTRL_ATT;1001;5;0.5;1349;1366.7;3732;3406;3626.6;5789;3169;400.6;1095;27.868;5059022;5062111;5063483
07;07_DM_COOPERATIVO_80MHz_UNICORE.txt;21;5.015;DM;NAV_PLAN;3;1;33.333;8;16373.7;49093;1039;17716.0;49118;2983;1317.3;2958;0.491;5024535;5027518;5027526
07;07_DM_COOPERATIVO_80MHz_UNICORE.txt;22;5.015;DM;FAIL_SAFE;0;0;0.0;0;0.0;0;0;0.0;0;0;0.0;0;0.001;0;0;0
07;07_DM_COOPERATIVO_80MHz_UNICORE.txt;31;10.015;DM;FUS_IMU;2001;17;0.85;2024;2256.0;3069;1087;1385.9;7572;5196;966.8;5196;42.522;10059962;10059022;10061932
07;07_DM_COOPERATIVO_80MHz_UNICORE.txt;32;10.015;DM;CTRL_ATT;2001;9;0.45;1349;1366.2;4157;3406;3656.5;6581;3226;377.4;1156;27.925;10059022;10061963;10063328
07;07_DM_COOPERATIVO_80MHz_UNICORE.txt;33;10.015;DM;NAV_PLAN;5;2;40.0;8;22179.2;61767;1039;24377.6;65146;3586;911.0;2958;0.463;9919004;9922590;9922598
07;07_DM_COOPERATIVO_80MHz_UNICORE.txt;34;10.015;DM;FAIL_SAFE;0;0;0.0;0;0.0;0;0;0.0;0;0;0.0;0;0.0;0;0;0
07;07_DM_COOPERATIVO_80MHz_UNICORE.txt;40;15.015;DM;FUS_IMU;3001;26;0.866;2024;2272.7;3069;1087;1403.2;7572;5196;966.6;5196;42.932;15059962;15059022;15061709
07;07_DM_COOPERATIVO_80MHz_UNICORE.txt;41;15.015;DM;CTRL_ATT;3001;13;0.433;1349;1365.7;4440;3406;3672.9;6581;3226;364.5;1156;27.926;15059022;15061739;15063104
07;07_DM_COOPERATIVO_80MHz_UNICORE.txt;42;15.015;DM;NAV_PLAN;7;3;42.857;8;24105.4;61767;1039;26258.7;65146;3586;1449.9;2958;0.452;14339861;14343251;14343259
07;07_DM_COOPERATIVO_80MHz_UNICORE.txt;43;15.015;DM;FAIL_SAFE;0;0;0.0;0;0.0;0;0;0.0;0;0;0.0;0;0.0;0;0;0
07;07_DM_COOPERATIVO_80MHz_UNICORE.txt;53;20.014;DM;FUS_IMU;4001;37;0.925;2024;2265.0;3069;1087;1403.1;7572;5196;968.6;5196;41.695;20059962;20059022;20061500
07;07_DM_COOPERATIVO_80MHz_UNICORE.txt;54;20.014;DM;CTRL_ATT;4001;19;0.475;1349;1367.2;4445;3406;3666.8;6693;3226;368.1;1156;27.945;20059022;20061530;20062882
07;07_DM_COOPERATIVO_80MHz_UNICORE.txt;55;20.014;DM;NAV_PLAN;11;5;45.455;8;25781.6;65761;1039;27910.3;68288;3586;1536.7;3392;0.824;19509348;19512767;19512775
07;07_DM_COOPERATIVO_80MHz_UNICORE.txt;56;20.014;DM;FAIL_SAFE;0;0;0.0;0;0.0;0;0;0.0;0;0;0.0;0;0.0;0;0;0
07;07_DM_COOPERATIVO_80MHz_UNICORE.txt;62;25.015;DM;FUS_IMU;5001;41;0.82;2024;2256.9;3069;1087;1386.5;7572;5196;964.9;5196;41.242;25059962;25059022;25061799
07;07_DM_COOPERATIVO_80MHz_UNICORE.txt;63;25.015;DM;CTRL_ATT;5001;21;0.42;1349;1365.8;4445;3406;3656.8;6693;3226;373.5;1156;27.918;25059022;25061829;25063213
07;07_DM_COOPERATIVO_80MHz_UNICORE.txt;64;25.015;DM;NAV_PLAN;12;5;41.667;8;23633.8;65761;1039;25752.8;68288;3586;1525.8;3392;0.098;24970969;24972982;24972990
07;07_DM_COOPERATIVO_80MHz_UNICORE.txt;65;25.015;DM;FAIL_SAFE;1;0;0.0;7622;7622.0;7622;9042;9042.0;9042;1420;0.0;0;0.089;23626086;23627506;23635128
07;07_DM_COOPERATIVO_80MHz_UNICORE.txt;67;30.015;DM;FUS_IMU;6001;45;0.75;2024;2251.9;3069;1087;1374.3;7572;5196;962.8;5196;41.224;30059962;30059022;30062041
07;07_DM_COOPERATIVO_80MHz_UNICORE.txt;68;30.015;DM;CTRL_ATT;6001;23;0.383;1349;1364.8;4445;3406;3650.5;6693;3339;378.5;1252;27.915;30059022;30062076;30063431
07;07_DM_COOPERATIVO_80MHz_UNICORE.txt;69;30.015;DM;NAV_PLAN;12;5;41.667;8;23633.8;65761;1039;25752.8;68288;3586;1525.8;3392;0.0;24970969;24972982;24972990
07;07_DM_COOPERATIVO_80MHz_UNICORE.txt;70;30.015;DM;FAIL_SAFE;1;0;0.0;7622;7622.0;7622;9042;9042.0;9042;1420;0.0;0;0.0;23626086;23627506;23635128
07;07_DM_COOPERATIVO_80MHz_UNICORE.txt;71;35.015;DM;FUS_IMU;7001;48;0.686;2024;2247.8;3069;1087;1364.8;7572;5196;961.1;5196;41.222;35059962;35059022;35061863
07;07_DM_COOPERATIVO_80MHz_UNICORE.txt;72;35.015;DM;CTRL_ATT;7001;25;0.357;1349;1364.0;4445;3406;3645.4;6693;3339;381.1;1252;27.912;35059022;35061897;35063263
07;07_DM_COOPERATIVO_80MHz_UNICORE.txt;73;35.015;DM;NAV_PLAN;12;5;41.667;8;23633.8;65761;1039;25752.8;68288;3586;1525.8;3392;0.0;24970969;24972982;24972990
07;07_DM_COOPERATIVO_80MHz_UNICORE.txt;74;35.015;DM;FAIL_SAFE;1;0;0.0;7622;7622.0;7622;9042;9042.0;9042;1420;0.0;0;0.0;23626086;23627506;23635128
08;08_DM_COOPERATIVO_240MHz_UNICORE.txt;18;5.012;DM;FUS_IMU;1001;3;0.3;667;669.1;767;173;302.2;5616;4944;442.8;4944;13.555;5056059;5055826;5056495
08;08_DM_COOPERATIVO_240MHz_UNICORE.txt;19;5.012;DM;CTRL_ATT;1001;0;0.0;447;451.7;1410;1128;1131.5;2093;896;3.2;211;9.283;5055826;5056505;5056957
08;08_DM_COOPERATIVO_240MHz_UNICORE.txt;20;5.012;DM;NAV_PLAN;2;0;0.0;22;4132.5;8243;86;4171.0;8256;64;25.5;51;0.214;4720376;4720389;4728632
08;08_DM_COOPERATIVO_240MHz_UNICORE.txt;21;5.012;DM;FAIL_SAFE;0;0;0.0;0;0.0;0;0;0.0;0;0;0.0;0;0.0;0;0;0
08;08_DM_COOPERATIVO_240MHz_UNICORE.txt;27;10.012;DM;FUS_IMU;2001;5;0.25;667;675.3;790;172;300.9;5616;4944;437.9;4944;13.826;10056059;10055564;10056232
08;08_DM_COOPERATIVO_240MHz_UNICORE.txt;28;10.012;DM;CTRL_ATT;2001;0;0.0;447;451.2;1410;1128;1137.1;2093;896;15.0;211;9.29;10055564;10056243;10056694
08;08_DM_COOPERATIVO_240MHz_UNICORE.txt;29;10.012;DM;NAV_PLAN;3;0;0.0;5;2756.7;8243;86;2907.0;8256;374;137.3;361;0.103;5876362;5876736;5876741
08;08_DM_COOPERATIVO_240MHz_UNICORE.txt;30;10.012;DM;FAIL_SAFE;0;0;0.0;0;0.0;0;0;0.0;0;0;0.0;0;0.0;0;0;0
08;08_DM_COOPERATIVO_240MHz_UNICORE.txt;36;15.012;DM;FUS_IMU;3001;7;0.233;667;682.4;790;172;306.1;5749;4966;436.3;4966;14.132;15056059;15055826;15056495
08;08_DM_COOPERATIVO_240MHz_UNICORE.txt;37;15.012;DM;CTRL_ATT;3001;0;0.0;447;451.0;1410;1128;1144.0;2093;896;28.6;211;9.283;15055826;15056505;15056957
08;08_DM_COOPERATIVO_240MHz_UNICORE.txt;38;15.012;DM;NAV_PLAN;5;0;0.0;5;3041.4;8243;19;3138.4;8256;374;154.6;361;0.176;14123176;14123189;14123195
08;08_DM_COOPERATIVO_240MHz_UNICORE.txt;39;15.012;DM;FAIL_SAFE;0;0;0.0;0;0.0;0;0;0.0;0;0;0.0;0;0.0;0;0;0
08;08_DM_COOPERATIVO_240MHz_UNICORE.txt;47;20.012;DM;FUS_IMU;4001;10;0.25;667;682.8;790;172;306.1;5749;4966;436.4;4966;13.876;20056059;20056221;20056894
08;08_DM_COOPERATIVO_240MHz_UNICORE.txt;48;20.012;DM;CTRL_ATT;4001;0;0.0;447;450.9;1410;1128;1144.3;2093;896;29.4;211;9.288;20056221;20056904;20057351
08;08_DM_COOPERATIVO_240MHz_UNICORE.txt;49;20.012;DM;NAV_PLAN;8;0;0.0;5;3237.6;8243;15;3304.2;8256;374;100.9;361;0.287;19257757;19257770;19263125
08;08_DM_COOPERATIVO_240MHz_UNICORE.txt;50;20.012;DM;FAIL_SAFE;0;0;0.0;0;0.0;0;0;0.0;0;0;0.0;0;0.0;0;0;0
08;08_DM_COOPERATIVO_240MHz_UNICORE.txt;59;25.012;DM;FUS_IMU;5001;12;0.24;667;680.0;790;172;303.4;5749;4966;436.1;4966;13.571;25056059;25055885;25056554
08;08_DM_COOPERATIVO_240MHz_UNICORE.txt;60;25.012;DM;CTRL_ATT;5001;0;0.0;446;451.1;1568;1128;1141.8;2251;950;24.1;272;9.296;25055885;25056573;25057020
08;08_DM_COOPERATIVO_240MHz_UNICORE.txt;61;25.012;DM;NAV_PLAN;11;0;0.0;5;2841.4;8243;15;2928.5;8256;397;143.1;384;0.271;23043116;23043130;23043135
08;08_DM_COOPERATIVO_240MHz_UNICORE.txt;62;25.012;DM;FAIL_SAFE;1;0;0.0;1338;1338.0;1338;1351;1351.0;1351;13;0.0;0;0.03;24747799;24747812;24749150
08;08_DM_COOPERATIVO_240MHz_UNICORE.txt;66;30.012;DM;FUS_IMU;6001;14;0.233;667;678.1;790;171;301.4;5749;4966;436.0;4966;13.566;30056059;30055712;30056380
08;08_DM_COOPERATIVO_240MHz_UNICORE.txt;67;30.012;DM;CTRL_ATT;6001;0;0.0;446;451.2;1652;1128;1140.1;2334;1042;20.6;364;9.292;30055712;30056394;30056846
08;08_DM_COOPERATIVO_240MHz_UNICORE.txt;68;30.012;DM;NAV_PLAN;12;0;0.0;5;2605.1;8243;15;2687.0;8256;397;132.1;384;0.084;26210332;26210357;26210363
08;08_DM_COOPERATIVO_240MHz_UNICORE.txt;69;30.012;DM;FAIL_SAFE;1;0;0.0;1338;1338.0;1338;1351;1351.0;1351;13;0.0;0;0.0;24747799;24747812;24749150
08;08_DM_COOPERATIVO_240MHz_UNICORE.txt;71;35.012;DM;FUS_IMU;7001;16;0.229;667;676.8;790;171;299.8;5870;5198;435.8;5198;13.564;35056059;35055564;35056232
08;08_DM_COOPERATIVO_240MHz_UNICORE.txt;72;35.012;DM;CTRL_ATT;7001;0;0.0;446;451.1;1652;1128;1138.6;2334;1042;18.0;364;9.29;35055564;35056246;35056698
08;08_DM_COOPERATIVO_240MHz_UNICORE.txt;73;35.012;DM;NAV_PLAN;12;0;0.0;5;2605.1;8243;15;2687.0;8256;397;132.1;384;0.0;26210332;26210357;26210363
08;08_DM_COOPERATIVO_240MHz_UNICORE.txt;74;35.012;DM;FAIL_SAFE;1;0;0.0;1338;1338.0;1338;1351;1351.0;1351;13;0.0;0;0.0;24747799;24747812;24749150
E01;EXTRA_01_CUSTOM_PREEMPTIVO_160MHz_UNICORE.txt;13;5.0;CUSTOM;FUS_IMU;1000;0;0.0;1008;1008.1;1104;938;938.2;1104;0;69.9;71;20.455;5041755;5041685;5042693
E01;EXTRA_01_CUSTOM_PREEMPTIVO_160MHz_UNICORE.txt;14;5.0;CUSTOM;CTRL_ATT;1000;0;0.0;671;671.1;739;1694;1694.7;1973;1234;1.0;206;13.824;5041685;5042708;5043379
E01;EXTRA_01_CUSTOM_PREEMPTIVO_160MHz_UNICORE.txt;15;5.0;CUSTOM;NAV_PLAN;0;0;0.0;0;0.0;0;0;0.0;0;0;0.0;0;0.001;0;0;0
E01;EXTRA_01_CUSTOM_PREEMPTIVO_160MHz_UNICORE.txt;16;5.0;CUSTOM;FAIL_SAFE;0;0;0.0;0;0.0;0;0;0.0;0;0;0.0;0;0.002;0;0;0
E01;EXTRA_01_CUSTOM_PREEMPTIVO_160MHz_UNICORE.txt;23;10.0;CUSTOM;FUS_IMU;2000;0;0.0;1008;1008.6;1104;938;938.6;1104;0;70.0;71;20.471;10041755;10041685;10042693
E01;EXTRA_01_CUSTOM_PREEMPTIVO_160MHz_UNICORE.txt;24;10.0;CUSTOM;CTRL_ATT;2000;0;0.0;670;671.4;739;1694;1695.5;1973;1234;1.4;206;13.835;10041685;10042708;10043379
E01;EXTRA_01_CUSTOM_PREEMPTIVO_160MHz_UNICORE.txt;25;10.0;CUSTOM;NAV_PLAN;3;0;0.0;3;4076.3;12204;16;4907.7;13055;1630;539.0;838;0.293;9036143;9036156;9036159
E01;EXTRA_01_CUSTOM_PREEMPTIVO_160MHz_UNICORE.txt;26;10.0;CUSTOM;FAIL_SAFE;0;0;0.0;0;0.0;0;0;0.0;0;0;0.0;0;0.0;0;0;0
E01;EXTRA_01_CUSTOM_PREEMPTIVO_160MHz_UNICORE.txt;36;15.0;CUSTOM;FUS_IMU;3000;0;0.0;1008;1021.2;1187;938;951.2;1117;0;70.0;71;21.216;15041755;15041685;15042859
E01;EXTRA_01_CUSTOM_PREEMPTIVO_160MHz_UNICORE.txt;37;15.0;CUSTOM;CTRL_ATT;3000;0;0.0;670;671.4;739;1694;1708.1;1973;1234;26.1;206;13.835;15041685;15042874;15043545
E01;EXTRA_01_CUSTOM_PREEMPTIVO_160MHz_UNICORE.txt;38;15.0;CUSTOM;NAV_PLAN;6;0;0.0;2;6778.7;14442;15;7201.2;14456;1630;270.0;838;0.409;14950726;14950740;14964739
E01;EXTRA_01_CUSTOM_PREEMPTIVO_160MHz_UNICORE.txt;39;15.0;CUSTOM;FAIL_SAFE;0;0;0.0;0;0.0;0;0;0.0;0;0;0.0;0;0.0;0;0;0
E01;EXTRA_01_CUSTOM_PREEMPTIVO_160MHz_UNICORE.txt;45;20.0;CUSTOM;FUS_IMU;4000;0;0.0;1008;1028.4;1187;938;958.4;1117;0;70.0;71;21.293;20041755;20041685;20042859
E01;EXTRA_01_CUSTOM_PREEMPTIVO_160MHz_UNICORE.txt;46;20.0;CUSTOM;CTRL_ATT;4000;0;0.0;670;671.4;739;1694;1715.4;1973;1234;40.5;206;13.83;20041685;20042874;20043545
E01;EXTRA_01_CUSTOM_PREEMPTIVO_160MHz_UNICORE.txt;47;20.0;CUSTOM;NAV_PLAN;8;0;0.0;2;6542.4;14442;15;6879.6;14456;1630;236.2;838;0.238;18754221;18754235;18765900
E01;EXTRA_01_CUSTOM_PREEMPTIVO_160MHz_UNICORE.txt;48;20.0;CUSTOM;FAIL_SAFE;0;0;0.0;0;0.0;0;0;0.0;0;0;0.0;0;0.0;0;0;0
E01;EXTRA_01_CUSTOM_PREEMPTIVO_160MHz_UNICORE.txt;56;25.0;CUSTOM;FUS_IMU;5000;0;0.0;1008;1025.3;1187;938;955.3;1117;0;70.0;71;20.548;25041755;25041685;25042693
E01;EXTRA_01_CUSTOM_PREEMPTIVO_160MHz_UNICORE.txt;57;25.0;CUSTOM;CTRL_ATT;5000;0;0.0;670;671.4;739;1694;1712.3;1973;1234;34.5;206;13.831;25041685;25042708;25043379
E01;EXTRA_01_CUSTOM_PREEMPTIVO_160MHz_UNICORE.txt;58;25.0;CUSTOM;NAV_PLAN;11;0;0.0;2;5961.3;14442;15;6302.2;14456;1630;355.4;1009;0.302;23763646;23763661;23763663
E01;EXTRA_01_CUSTOM_PREEMPTIVO_160MHz_UNICORE.txt;59;25.0;CUSTOM;FAIL_SAFE;0;0;0.0;0;0.0;0;0;0.0;0;0;0.0;0;0.0;0;0;0
E01;EXTRA_01_CUSTOM_PREEMPTIVO_160MHz_UNICORE.txt;65;30.0;CUSTOM;FUS_IMU;6000;0;0.0;1008;1022.5;1187;938;952.5;1117;0;70.0;71;20.459;30041755;30041685;30042693
E01;EXTRA_01_CUSTOM_PREEMPTIVO_160MHz_UNICORE.txt;66;30.0;CUSTOM;CTRL_ATT;6000;0;0.0;670;671.4;739;1694;1709.5;1973;1234;28.9;206;13.828;30041685;30042708;30043379
E01;EXTRA_01_CUSTOM_PREEMPTIVO_160MHz_UNICORE.txt;67;30.0;CUSTOM;NAV_PLAN;12;0;0.0;2;5464.7;14442;15;5778.3;14456;1630;325.8;1009;0.058;28613800;28613814;28613816
E01;EXTRA_01_CUSTOM_PREEMPTIVO_160MHz_UNICORE.txt;68;30.0;CUSTOM;FAIL_SAFE;1;0;0.0;2010;2010.0;2010;2022;2022.0;2022;12;0.0;0;0.044;27014167;27014179;27016189
E01;EXTRA_01_CUSTOM_PREEMPTIVO_160MHz_UNICORE.txt;70;35.0;CUSTOM;FUS_IMU;7000;0;0.0;1008;1020.5;1187;938;950.5;1117;0;70.0;71;20.448;35041755;35041685;35042693
E01;EXTRA_01_CUSTOM_PREEMPTIVO_160MHz_UNICORE.txt;71;35.0;CUSTOM;CTRL_ATT;7000;0;0.0;670;671.3;739;1694;1707.3;1973;1234;24.9;206;13.82;35041685;35042708;35043379
E01;EXTRA_01_CUSTOM_PREEMPTIVO_160MHz_UNICORE.txt;72;35.0;CUSTOM;NAV_PLAN;12;0;0.0;2;5464.7;14442;15;5778.3;14456;1630;325.8;1009;0.0;28613800;28613814;28613816
E01;EXTRA_01_CUSTOM_PREEMPTIVO_160MHz_UNICORE.txt;73;35.0;CUSTOM;FAIL_SAFE;1;0;0.0;2010;2010.0;2010;2022;2022.0;2022;12;0.0;0;0.0;27014167;27014179;27016189
E02;EXTRA_02_CUSTOM_COOPERATIVO_160MHz_UNICORE.txt;16;5.013;CUSTOM;FUS_IMU;1001;3;0.3;1005;1008.5;1404;401;548.3;6023;5015;515.8;5015;20.424;5056279;5055871;5056879
E02;EXTRA_02_CUSTOM_COOPERATIVO_160MHz_UNICORE.txt;17;5.013;CUSTOM;CTRL_ATT;997;0;0.0;670;671.4;749;1691;1695.9;2000;1257;1.3;237;13.77;5055871;5056895;5057565
E02;EXTRA_02_CUSTOM_COOPERATIVO_160MHz_UNICORE.txt;18;5.013;CUSTOM;NAV_PLAN;1;0;0.0;22;22.0;22;497;497.0;497;475;0.0;0;0.063;3811992;3812467;3812489
E02;EXTRA_02_CUSTOM_COOPERATIVO_160MHz_UNICORE.txt;19;5.013;CUSTOM;FAIL_SAFE;0;0;0.0;0;0.0;0;0;0.0;0;0;0.0;0;0.002;0;0;0
E02;EXTRA_02_CUSTOM_COOPERATIVO_160MHz_UNICORE.txt;25;10.013;CUSTOM;FUS_IMU;2001;7;0.35;1005;1008.5;1404;401;552.0;6150;5142;516.7;5142;20.46;10056279;10055673;10056681
E02;EXTRA_02_CUSTOM_COOPERATIVO_160MHz_UNICORE.txt;26;10.013;CUSTOM;CTRL_ATT;1993;0;0.0;670;671.7;749;1691;1696.3;2000;1257;1.4;237;13.802;10055673;10056697;10057367
E02;EXTRA_02_CUSTOM_COOPERATIVO_160MHz_UNICORE.txt;27;10.013;CUSTOM;NAV_PLAN;3;0;0.0;7;2682.3;8018;497;3583.0;8474;1771;444.7;1315;0.271;8895989;8897760;8897767
E02;EXTRA_02_CUSTOM_COOPERATIVO_160MHz_UNICORE.txt;28;10.013;CUSTOM;FAIL_SAFE;0;0;0.0;0;0.0;0;0;0.0;0;0;0.0;0;0.0;0;0;0
E02;EXTRA_02_CUSTOM_COOPERATIVO_160MHz_UNICORE.txt;32;15.013;CUSTOM;FUS_IMU;3001;10;0.333;1005;1020.8;1404;400;560.1;6150;5142;515.9;5142;21.209;15056279;15055673;15056681
E02;EXTRA_02_CUSTOM_COOPERATIVO_160MHz_UNICORE.txt;33;15.013;CUSTOM;CTRL_ATT;2990;0;0.0;670;671.7;749;1691;1708.7;2000;1257;25.9;237;13.809;15055673;15056697;15057367
E02;EXTRA_02_CUSTOM_COOPERATIVO_160MHz_UNICORE.txt;34;15.013;CUSTOM;NAV_PLAN;3;0;0.0;7;2682.3;8018;497;3583.0;8474;1771;444.7;1315;0.004;8895989;8897760;8897767
E02;EXTRA_02_CUSTOM_COOPERATIVO_160MHz_UNICORE.txt;35;15.013;CUSTOM;FAIL_SAFE;0;0;0.0;0;0.0;0;0;0.0;0;0;0.0;0;0.0;0;0;0
E02;EXTRA_02_CUSTOM_COOPERATIVO_160MHz_UNICORE.txt;39;20.013;CUSTOM;FUS_IMU;4001;14;0.35;1005;1028.1;1404;400;566.7;6150;5142;516.7;5142;21.293;20056279;20055673;20056681
E02;EXTRA_02_CUSTOM_COOPERATIVO_160MHz_UNICORE.txt;40;20.013;CUSTOM;CTRL_ATT;3986;0;0.0;670;671.7;749;1691;1715.8;2000;1257;40.2;237;13.791;20055673;20056697;20057367
E02;EXTRA_02_CUSTOM_COOPERATIVO_160MHz_UNICORE.txt;41;20.013;CUSTOM;NAV_PLAN;4;0;0.0;7;4011.5;8018;497;5124.8;9750;1771;338.5;1315;0.166;18665666;18667417;18675416
E02;EXTRA_02_CUSTOM_COOPERATIVO_160MHz_UNICORE.txt;42;20.013;CUSTOM;FAIL_SAFE;0;0;0.0;0;0.0;0;0;0.0;0;0;0.0;0;0.0;0;0;0
E02;EXTRA_02_CUSTOM_COOPERATIVO_160MHz_UNICORE.txt;52;25.013;CUSTOM;FUS_IMU;5001;18;0.36;1005;1025.1;1404;400;566.8;6181;5173;518.1;5173;20.555;25056279;25055673;25056681
E02;EXTRA_02_CUSTOM_COOPERATIVO_160MHz_UNICORE.txt;53;25.013;CUSTOM;CTRL_ATT;4982;0;0.0;669;672.2;2536;1691;1713.5;3563;1555;34.4;531;13.812;25055673;25056697;25057367
E02;EXTRA_02_CUSTOM_COOPERATIVO_160MHz_UNICORE.txt;54;25.013;CUSTOM;NAV_PLAN;8;0;0.0;6;4765.4;11543;20;5748.0;12147;1771;387.8;1613;0.535;24378026;24378039;24389582
E02;EXTRA_02_CUSTOM_COOPERATIVO_160MHz_UNICORE.txt;55;25.013;CUSTOM;FAIL_SAFE;0;0;0.0;0;0.0;0;0;0.0;0;0;0.0;0;0.0;0;0;0
E02;EXTRA_02_CUSTOM_COOPERATIVO_160MHz_UNICORE.txt;63;30.013;CUSTOM;FUS_IMU;6001;22;0.367;1005;1022.3;1404;400;564.9;6181;5173;517.7;5173;20.457;30056279;30055708;30056716
E02;EXTRA_02_CUSTOM_COOPERATIVO_160MHz_UNICORE.txt;64;30.013;CUSTOM;CTRL_ATT;5978;0;0.0;669;672.2;2536;1691;1710.6;3563;1555;28.9;531;13.797;30055708;30056731;30057402
E02;EXTRA_02_CUSTOM_COOPERATIVO_160MHz_UNICORE.txt;65;30.013;CUSTOM;NAV_PLAN;11;0;0.0;6;4447.5;11543;20;5487.2;12537;1771;468.1;1613;0.327;27860982;27862420;27862426
E02;EXTRA_02_CUSTOM_COOPERATIVO_160MHz_UNICORE.txt;66;30.013;CUSTOM;FAIL_SAFE;0;0;0.0;0;0.0;0;0;0.0;0;0;0.0;0;0.0;0;0;0
E02;EXTRA_02_CUSTOM_COOPERATIVO_160MHz_UNICORE.txt;72;35.013;CUSTOM;FUS_IMU;7001;25;0.357;1005;1020.3;1404;399;563.0;6181;5173;517.2;5173;20.455;35056279;35055673;35056681
E02;EXTRA_02_CUSTOM_COOPERATIVO_160MHz_UNICORE.txt;73;35.013;CUSTOM;CTRL_ATT;6975;0;0.0;669;672.1;2536;1691;1708.5;3563;1555;25.0;531;13.819;35055673;35056697;35057367
E02;EXTRA_02_CUSTOM_COOPERATIVO_160MHz_UNICORE.txt;74;35.013;CUSTOM;NAV_PLAN;12;0;0.0;6;4077.4;11543;20;5031.6;12537;1771;547.8;1613;0.089;32500084;32500098;32500104
E02;EXTRA_02_CUSTOM_COOPERATIVO_160MHz_UNICORE.txt;75;35.013;CUSTOM;FAIL_SAFE;1;0;0.0;2023;2023.0;2023;2047;2047.0;2047;24;0.0;0;0.044;30982457;30982481;30984504
E03;EXTRA_03_DM_PREEMPTIVO_160MHz_UNICORE.txt;20;4.999;DM;FUS_IMU;1000;0;0.0;1008;1009.9;1104;937;939.0;1104;0;70.9;71;20.471;5041763;5041692;5042714
E03;EXTRA_03_DM_PREEMPTIVO_160MHz_UNICORE.txt;21;4.999;DM;CTRL_ATT;1000;0;0.0;670;671.3;739;1694;1696.8;1973;1234;1.7;206;13.835;5041692;5042729;5043413
E03;EXTRA_03_DM_PREEMPTIVO_160MHz_UNICORE.txt;22;4.999;DM;NAV_PLAN;3;0;0.0;2;3963.3;11866;300;4968.3;12962;1621;441.0;798;0.308;4983130;4983428;4983430
E03;EXTRA_03_DM_PREEMPTIVO_160MHz_UNICORE.txt;23;4.999;DM;FAIL_SAFE;0;0;0.0;0;0.0;0;0;0.0;0;0;0.0;0;0.002;0;0;0
E03;EXTRA_03_DM_PREEMPTIVO_160MHz_UNICORE.txt;29;9.999;DM;FUS_IMU;2000;0;0.0;1008;1020.6;1188;937;949.7;1117;0;70.9;71;20.895;10041763;10041692;10042867
E03;EXTRA_03_DM_PREEMPTIVO_160MHz_UNICORE.txt;30;9.999;DM;CTRL_ATT;2000;0;0.0;670;671.2;739;1694;1707.3;1973;1234;22.9;206;13.829;10041692;10042882;10043553
E03;EXTRA_03_DM_PREEMPTIVO_160MHz_UNICORE.txt;31;9.999;DM;NAV_PLAN;4;0;0.0;2;6049.0;12306;300;6806.2;12962;1621;401.8;798;0.17;9073551;9073565;9085871
E03;EXTRA_03_DM_PREEMPTIVO_160MHz_UNICORE.txt;32;9.999;DM;FAIL_SAFE;0;0;0.0;0;0.0;0;0;0.0;0;0;0.0;0;0.0;0;0;0
E03;EXTRA_03_DM_PREEMPTIVO_160MHz_UNICORE.txt;36;14.999;DM;FUS_IMU;3000;0;0.0;1008;1030.9;1188;937;959.9;1117;0;71.0;71;21.297;15041763;15041692;15042867
E03;EXTRA_03_DM_PREEMPTIVO_160MHz_UNICORE.txt;37;14.999;DM;CTRL_ATT;3000;0;0.0;670;671.2;739;1694;1717.6;1973;1234;43.3;206;13.833;15041692;15042882;15043553
E03;EXTRA_03_DM_PREEMPTIVO_160MHz_UNICORE.txt;38;14.999;DM;NAV_PLAN;5;0;0.0;2;4839.6;12306;214;5487.8;12962;1621;361.0;798;0.07;14008218;14008430;14008432
E03;EXTRA_03_DM_PREEMPTIVO_160MHz_UNICORE.txt;39;14.999;DM;FAIL_SAFE;0;0;0.0;0;0.0;0;0;0.0;0;0;0.0;0;0.0;0;0;0
E03;EXTRA_03_DM_PREEMPTIVO_160MHz_UNICORE.txt;49;19.999;DM;FUS_IMU;4000;0;0.0;1008;1030.6;1188;937;959.6;1117;0;71.0;71;20.862;20041763;20041692;20042701
E03;EXTRA_03_DM_PREEMPTIVO_160MHz_UNICORE.txt;50;19.999;DM;CTRL_ATT;4000;0;0.0;670;671.2;739;1694;1717.3;1973;1234;42.7;206;13.83;20041692;20042716;20043400
E03;EXTRA_03_DM_PREEMPTIVO_160MHz_UNICORE.txt;51;19.999;DM;NAV_PLAN;9;0;0.0;2;5492.8;13490;214;6102.1;13508;1621;527.1;1597;0.45;20016813;20018428;20018430
E03;EXTRA_03_DM_PREEMPTIVO_160MHz_UNICORE.txt;52;19.999;DM;FAIL_SAFE;0;0;0.0;0;0.0;0;0;0.0;0;0;0.0;0;0.0;0;0;0
E03;EXTRA_03_DM_PREEMPTIVO_160MHz_UNICORE.txt;58;24.999;DM;FUS_IMU;5000;0;0.0;1008;1026.4;1188;937;955.4;1117;0;71.0;71;20.466;25041763;25041692;25042702
E03;EXTRA_03_DM_PREEMPTIVO_160MHz_UNICORE.txt;59;24.999;DM;CTRL_ATT;5000;0;0.0;670;671.2;739;1694;1713.1;1973;1234;34.5;206;13.831;25041692;25042718;25043388
E03;EXTRA_03_DM_PREEMPTIVO_160MHz_UNICORE.txt;60;24.999;DM;NAV_PLAN;11;0;0.0;2;5627.0;13490;214;6366.2;14008;1621;478.2;1597;0.234;23382330;23383429;23383431
E03;EXTRA_03_DM_PREEMPTIVO_160MHz_UNICORE.txt;61;24.999;DM;FAIL_SAFE;0;0;0.0;0;0.0;0;0;0.0;0;0;0.0;0;0.0;0;0;0
E03;EXTRA_03_DM_PREEMPTIVO_160MHz_UNICORE.txt;67;29.999;DM;FUS_IMU;6000;0;0.0;1008;1023.6;1188;937;952.7;1117;0;71.0;71;20.462;30041763;30041692;30042702
E03;EXTRA_03_DM_PREEMPTIVO_160MHz_UNICORE.txt;68;29.999;DM;CTRL_ATT;6000;0;0.0;670;671.2;739;1694;1710.3;1973;1234;28.9;206;13.83;30041692;30042718;30043388
E03;EXTRA_03_DM_PREEMPTIVO_160MHz_UNICORE.txt;69;29.999;DM;NAV_PLAN;12;0;0.0;2;5158.3;13490;214;5866.6;14008;1621;499.2;1597;0.066;26818056;26818424;26818427
E03;EXTRA_03_DM_PREEMPTIVO_160MHz_UNICORE.txt;70;29.999;DM;FAIL_SAFE;1;0;0.0;3748;3748.0;3748;3781;3781.0;3781;33;0.0;0;0.044;25380198;25380231;25383979
E03;EXTRA_03_DM_PREEMPTIVO_160MHz_UNICORE.txt;72;34.999;DM;FUS_IMU;7000;0;0.0;1008;1021.6;1188;937;950.6;1117;0;71.0;71;20.45;35041763;35041692;35042702
E03;EXTRA_03_DM_PREEMPTIVO_160MHz_UNICORE.txt;73;34.999;DM;CTRL_ATT;7000;0;0.0;670;671.2;739;1694;1708.2;1973;1234;24.9;206;13.822;35041692;35042718;35043388
E03;EXTRA_03_DM_PREEMPTIVO_160MHz_UNICORE.txt;74;34.999;DM;NAV_PLAN;12;0;0.0;2;5158.3;13490;214;5866.6;14008;1621;499.2;1597;0.0;26818056;26818424;26818427
E03;EXTRA_03_DM_PREEMPTIVO_160MHz_UNICORE.txt;75;34.999;DM;FAIL_SAFE;1;0;0.0;3748;3748.0;3748;3781;3781.0;3781;33;0.0;0;0.0;25380198;25380231;25383979
E04;EXTRA_04_DM_COOPERATIVO_160MHz_UNICORE.txt;20;5.013;DM;FUS_IMU;1001;6;0.599;1007;1008.7;1291;420;591.1;5863;4855;512.3;4855;20.429;5056268;5055681;5056702
E04;EXTRA_04_DM_COOPERATIVO_160MHz_UNICORE.txt;21;5.013;DM;CTRL_ATT;1001;0;0.0;670;673.9;1862;1693;1698.9;2886;1655;3.5;631;13.841;5055681;5056717;5057388
E04;EXTRA_04_DM_COOPERATIVO_160MHz_UNICORE.txt;22;5.013;DM;NAV_PLAN;3;0;0.0;6;3843.7;11503;24;4458.0;13260;1757;1142.7;1739;0.371;3880329;3880347;3880353
E04;EXTRA_04_DM_COOPERATIVO_160MHz_UNICORE.txt;23;5.013;DM;FAIL_SAFE;0;0;0.0;0;0.0;0;0;0.0;0;0;0.0;0;0.0;0;0;0
E04;EXTRA_04_DM_COOPERATIVO_160MHz_UNICORE.txt;33;10.013;DM;FUS_IMU;2001;11;0.55;1007;1023.1;1291;420;601.8;5961;4882;511.5;4882;21.037;10056268;10056322;10057330
E04;EXTRA_04_DM_COOPERATIVO_160MHz_UNICORE.txt;34;10.013;DM;CTRL_ATT;2001;0;0.0;670;673.5;1862;1693;1712.5;2886;1655;31.0;631;13.868;10056322;10057345;10058023
E04;EXTRA_04_DM_COOPERATIVO_160MHz_UNICORE.txt;35;10.013;DM;NAV_PLAN;6;0;0.0;6;5747.3;14911;23;6261.8;14928;1757;968.8;1739;0.441;9865099;9865116;9880027
E04;EXTRA_04_DM_COOPERATIVO_160MHz_UNICORE.txt;36;10.013;DM;FAIL_SAFE;0;0;0.0;0;0.0;0;0;0.0;0;0;0.0;0;0.0;0;0;0
E04;EXTRA_04_DM_COOPERATIVO_160MHz_UNICORE.txt;40;15.013;DM;FUS_IMU;3001;14;0.467;1007;1032.0;1291;418;606.0;6108;5100;507.5;5100;21.286;15056268;15055761;15056769
E04;EXTRA_04_DM_COOPERATIVO_160MHz_UNICORE.txt;41;15.013;DM;CTRL_ATT;3001;0;0.0;670;673.1;1862;1693;1720.9;2886;1655;48.4;631;13.85;15055761;15056784;15057455
E04;EXTRA_04_DM_COOPERATIVO_160MHz_UNICORE.txt;42;15.013;DM;NAV_PLAN;7;0;0.0;6;4927.1;14911;23;5621.1;14928;1771;1081.0;1754;0.108;11866026;11867797;11867803
E04;EXTRA_04_DM_COOPERATIVO_160MHz_UNICORE.txt;43;15.013;DM;FAIL_SAFE;0;0;0.0;0;0.0;0;0;0.0;0;0;0.0;0;0.0;0;0;0
E04;EXTRA_04_DM_COOPERATIVO_160MHz_UNICORE.txt;49;20.013;DM;FUS_IMU;4001;17;0.425;1007;1029.2;1291;418;600.1;6150;5100;505.3;5100;20.709;20056268;20055681;20056689
E04;EXTRA_04_DM_COOPERATIVO_160MHz_UNICORE.txt;50;20.013;DM;CTRL_ATT;4001;0;0.0;670;672.8;1862;1693;1717.8;2886;1655;43.0;631;13.844;20055681;20056704;20057375
E04;EXTRA_04_DM_COOPERATIVO_160MHz_UNICORE.txt;51;20.013;DM;NAV_PLAN;9;0;0.0;6;4940.3;14911;23;5757.4;14928;1771;1050.9;1754;0.229;19350712;19352416;19352422
E04;EXTRA_04_DM_COOPERATIVO_160MHz_UNICORE.txt;52;20.013;DM;FAIL_SAFE;0;0;0.0;0;0.0;0;0;0.0;0;0;0.0;0;0.0;0;0;0
E04;EXTRA_04_DM_COOPERATIVO_160MHz_UNICORE.txt;54;25.013;DM;FUS_IMU;5001;20;0.4;1007;1025.1;1291;418;594.6;6150;5100;503.5;5100;20.454;25056268;25055681;25056689
E04;EXTRA_04_DM_COOPERATIVO_160MHz_UNICORE.txt;55;25.013;DM;CTRL_ATT;5001;0;0.0;670;672.7;1862;1692;1713.4;2886;1655;34.7;631;13.85;25055681;25056704;25057375
E04;EXTRA_04_DM_COOPERATIVO_160MHz_UNICORE.txt;56;25.013;DM;NAV_PLAN;9;0;0.0;6;4940.3;14911;23;5757.4;14928;1771;1050.9;1754;0.0;19350712;19352416;19352422
E04;EXTRA_04_DM_COOPERATIVO_160MHz_UNICORE.txt;57;25.013;DM;FAIL_SAFE;0;0;0.0;0;0.0;0;0;0.0;0;0;0.0;0;0.0;0;0;0
E04;EXTRA_04_DM_COOPERATIVO_160MHz_UNICORE.txt;66;30.013;DM;FUS_IMU;6001;23;0.383;1007;1022.3;1291;418;591.7;6150;5100;503.7;5100;20.458;30056268;30055784;30056792
E04;EXTRA_04_DM_COOPERATIVO_160MHz_UNICORE.txt;67;30.013;DM;CTRL_ATT;6001;0;0.0;669;673.0;2642;1692;1711.0;3665;1655;29.3;631;13.86;30055784;30056808;30057479
E04;EXTRA_04_DM_COOPERATIVO_160MHz_UNICORE.txt;68;30.013;DM;NAV_PLAN;12;0;0.0;6;4662.5;14911;20;5279.5;14928;1771;929.2;1754;0.354;28419616;28419629;28419636
E04;EXTRA_04_DM_COOPERATIVO_160MHz_UNICORE.txt;69;30.013;DM;FAIL_SAFE;1;0;0.0;2009;2009.0;2009;2026;2026.0;2026;17;0.0;0;0.044;26953016;26953033;26955042
E04;EXTRA_04_DM_COOPERATIVO_160MHz_UNICORE.txt;71;35.013;DM;FUS_IMU;7001;26;0.371;1007;1020.3;1291;418;588.3;6150;5100;503.3;5100;20.449;35056268;35055692;35056700
E04;EXTRA_04_DM_COOPERATIVO_160MHz_UNICORE.txt;72;35.013;DM;CTRL_ATT;7001;0;0.0;669;672.9;2642;1692;1708.8;3665;1655;25.2;631;13.845;35055692;35056716;35057386
E04;EXTRA_04_DM_COOPERATIVO_160MHz_UNICORE.txt;73;35.013;DM;NAV_PLAN;12;0;0.0;6;4662.5;14911;20;5279.5;14928;1771;929.2;1754;0.0;28419616;28419629;28419636
E04;EXTRA_04_DM_COOPERATIVO_160MHz_UNICORE.txt;74;35.013;DM;FAIL_SAFE;1;0;0.0;2009;2009.0;2009;2026;2026.0;2026;17;0.0;0;0.0;26953016;26953033;26955042
E05;EXTRA_05_DM_PREEMPTIVO_80MHz_UNICORE_SLICING_OFF.txt;16;5.003;DM;FUS_IMU;1000;0;0.0;2027;2028.8;2140;1683;1689.9;2128;5;339.0;344;41.113;5045374;5045031;5047061
E05;EXTRA_05_DM_PREEMPTIVO_80MHz_UNICORE_SLICING_OFF.txt;17;5.003;DM;CTRL_ATT;1000;0;0.0;1352;1352.9;1430;3409;3412.7;3675;2245;2.4;179;27.863;5045031;5047092;5048444
E05;EXTRA_05_DM_PREEMPTIVO_80MHz_UNICORE_SLICING_OFF.txt;18;5.003;DM;NAV_PLAN;1;0;0.0;20;20.0;20;3027;3027.0;3027;3007;0.0;0;0.052;4220605;4223612;4223632
E05;EXTRA_05_DM_PREEMPTIVO_80MHz_UNICORE_SLICING_OFF.txt;19;5.003;DM;FAIL_SAFE;0;0;0.0;0;0.0;0;0;0.0;0;0;0.0;0;0.003;0;0;0
E05;EXTRA_05_DM_PREEMPTIVO_80MHz_UNICORE_SLICING_OFF.txt;27;10.003;DM;FUS_IMU;2000;0;0.0;2027;2034.9;2395;1683;1696.0;2142;5;338.8;344;41.374;10045374;10045031;10047393
E05;EXTRA_05_DM_PREEMPTIVO_80MHz_UNICORE_SLICING_OFF.txt;28;10.003;DM;CTRL_ATT;2000;0;0.0;1352;1353.3;1430;3409;3419.1;3795;2425;12.9;367;27.894;10045031;10047424;10048776
E05;EXTRA_05_DM_PREEMPTIVO_80MHz_UNICORE_SLICING_OFF.txt;29;10.003;DM;NAV_PLAN;3;1;33.333;4;20190.0;60546;1117;22512.3;63393;3007;631.3;1734;0.392;8087398;8088511;8088515
E05;EXTRA_05_DM_PREEMPTIVO_80MHz_UNICORE_SLICING_OFF.txt;30;10.003;DM;FAIL_SAFE;0;0;0.0;0;0.0;0;0;0.0;0;0;0.0;0;0.0;0;0;0
E05;EXTRA_05_DM_PREEMPTIVO_80MHz_UNICORE_SLICING_OFF.txt;40;15.003;DM;FUS_IMU;3000;0;0.0;2027;2061.0;2402;1683;1722.3;2151;5;338.7;344;42.828;15045374;15045163;15047525
E05;EXTRA_05_DM_PREEMPTIVO_80MHz_UNICORE_SLICING_OFF.txt;41;15.003;DM;CTRL_ATT;3000;0;0.0;1352;1353.6;1430;3409;3445.6;3803;2433;64.6;375;27.893;15045163;15047555;15048908
E05;EXTRA_05_DM_PREEMPTIVO_80MHz_UNICORE_SLICING_OFF.txt;42;15.003;DM;NAV_PLAN;7;3;42.857;4;28004.4;70115;1117;30281.1;73472;3357;977.6;2735;0.769;14006050;14008874;14008878
E05;EXTRA_05_DM_PREEMPTIVO_80MHz_UNICORE_SLICING_OFF.txt;43;15.003;DM;FAIL_SAFE;0;0;0.0;0;0.0;0;0;0.0;0;0;0.0;0;0.0;0;0;0
E05;EXTRA_05_DM_PREEMPTIVO_80MHz_UNICORE_SLICING_OFF.txt;51;20.003;DM;FUS_IMU;4000;0;0.0;2027;2071.4;2402;1683;1732.6;2162;5;338.8;344;42.614;20045374;20045031;20047061
E05;EXTRA_05_DM_PREEMPTIVO_80MHz_UNICORE_SLICING_OFF.txt;52;20.003;DM;CTRL_ATT;4000;0;0.0;1352;1353.7;1430;3409;3456.1;3803;2433;84.9;375;27.895;20045031;20047092;20048444
E05;EXTRA_05_DM_PREEMPTIVO_80MHz_UNICORE_SLICING_OFF.txt;53;20.003;DM;NAV_PLAN;10;5;50.0;4;32226.0;70115;162;33900.9;73472;3357;960.2;2735;0.727;18444661;18444726;18509609
E05;EXTRA_05_DM_PREEMPTIVO_80MHz_UNICORE_SLICING_OFF.txt;54;20.003;DM;FAIL_SAFE;0;0;0.0;0;0.0;0;0;0.0;0;0;0.0;0;0.0;0;0;0
E05;EXTRA_05_DM_PREEMPTIVO_80MHz_UNICORE_SLICING_OFF.txt;60;25.003;DM;FUS_IMU;5000;0;0.0;2027;2062.8;2402;1683;1723.9;2162;5;338.9;344;41.126;25045374;25045031;25047061
E05;EXTRA_05_DM_PREEMPTIVO_80MHz_UNICORE_SLICING_OFF.txt;61;25.003;DM;CTRL_ATT;5000;0;0.0;1352;1353.6;1430;3409;3447.3;3803;2433;68.3;375;27.874;25045031;25047091;25048444
E05;EXTRA_05_DM_PREEMPTIVO_80MHz_UNICORE_SLICING_OFF.txt;62;25.003;DM;NAV_PLAN;11;5;45.455;4;29296.7;70115;162;30892.2;73472;3357;939.8;2735;0.041;22607710;22608511;22608515
E05;EXTRA_05_DM_PREEMPTIVO_80MHz_UNICORE_SLICING_OFF.txt;63;25.003;DM;FAIL_SAFE;1;1;100.0;15466;15466.0;15466;18983;18983.0;18983;3517;0.0;0;0.09;24630003;24633520;24648986
E05;EXTRA_05_DM_PREEMPTIVO_80MHz_UNICORE_SLICING_OFF.txt;67;30.003;DM;FUS_IMU;6000;0;0.0;2027;2057.0;2402;1682;1718.1;2162;5;338.9;345;41.125;30045374;30045031;30047061
E05;EXTRA_05_DM_PREEMPTIVO_80MHz_UNICORE_SLICING_OFF.txt;68;30.003;DM;CTRL_ATT;6000;0;0.0;1352;1353.5;1430;3409;3441.5;3803;2433;57.3;375;27.873;30045031;30047092;30048444
E05;EXTRA_05_DM_PREEMPTIVO_80MHz_UNICORE_SLICING_OFF.txt;69;30.003;DM;NAV_PLAN;12;5;41.667;4;26855.7;70115;30;28320.3;73472;3357;926.1;2735;0.034;25759887;25759913;25759917
E05;EXTRA_05_DM_PREEMPTIVO_80MHz_UNICORE_SLICING_OFF.txt;70;30.003;DM;FAIL_SAFE;1;1;100.0;15466;15466.0;15466;18983;18983.0;18983;3517;0.0;0;0.0;24630003;24633520;24648986
E05;EXTRA_05_DM_PREEMPTIVO_80MHz_UNICORE_SLICING_OFF.txt;72;35.003;DM;FUS_IMU;7000;0;0.0;2027;2052.9;2402;1682;1714.0;2162;5;338.9;345;41.116;35045374;35045031;35047061
E05;EXTRA_05_DM_PREEMPTIVO_80MHz_UNICORE_SLICING_OFF.txt;73;35.003;DM;CTRL_ATT;7000;0;0.0;1352;1353.5;1430;3409;3437.3;3803;2433;49.3;375;27.866;35045031;35047092;35048444
E05;EXTRA_05_DM_PREEMPTIVO_80MHz_UNICORE_SLICING_OFF.txt;74;35.003;DM;NAV_PLAN;12;5;41.667;4;26855.7;70115;30;28320.3;73472;3357;926.1;2735;0.0;25759887;25759913;25759917
E05;EXTRA_05_DM_PREEMPTIVO_80MHz_UNICORE_SLICING_OFF.txt;75;35.003;DM;FAIL_SAFE;1;1;100.0;15466;15466.0;15466;18983;18983.0;18983;3517;0.0;0;0.0;24630003;24633520;24648986
E06;EXTRA_06_DM_PREEMPTIVO_240MHz_UNICORE_SLICING_OFF.txt;18;5.001;DM;FUS_IMU;1000;0;0.0;668;668.6;763;485;485.8;763;0;182.8;183;13.588;5044758;5044576;5045244
E06;EXTRA_06_DM_PREEMPTIVO_240MHz_UNICORE_SLICING_OFF.txt;19;5.001;DM;CTRL_ATT;1000;0;0.0;450;451.4;510;1129;1131.9;1403;893;2.4;210;9.308;5044576;5045255;5045705
E06;EXTRA_06_DM_PREEMPTIVO_240MHz_UNICORE_SLICING_OFF.txt;20;5.001;DM;NAV_PLAN;2;0;0.0;22;3293.5;6565;86;3330.0;6574;64;27.5;55;0.192;3821188;3821197;3827762
E06;EXTRA_06_DM_PREEMPTIVO_240MHz_UNICORE_SLICING_OFF.txt;21;5.001;DM;FAIL_SAFE;0;0;0.0;0;0.0;0;0;0.0;0;0;0.0;0;0.002;0;0;0
E06;EXTRA_06_DM_PREEMPTIVO_240MHz_UNICORE_SLICING_OFF.txt;29;10.001;DM;FUS_IMU;2000;0;0.0;668;673.9;790;485;491.0;763;0;182.9;183;13.795;10044758;10044576;10045355
E06;EXTRA_06_DM_PREEMPTIVO_240MHz_UNICORE_SLICING_OFF.txt;30;10.001;DM;CTRL_ATT;2000;0;0.0;450;451.4;510;1129;1137.0;1403;893;12.5;210;9.308;10044576;10045365;10045816
E06;EXTRA_06_DM_PREEMPTIVO_240MHz_UNICORE_SLICING_OFF.txt;31;10.001;DM;NAV_PLAN;4;0;0.0;1;3274.8;6565;86;3468.8;6574;679;345.0;670;0.19;9551379;9551403;9557914
E06;EXTRA_06_DM_PREEMPTIVO_240MHz_UNICORE_SLICING_OFF.txt;32;10.001;DM;FAIL_SAFE;0;0;0.0;0;0.0;0;0;0.0;0;0;0.0;0;0.0;0;0;0
E06;EXTRA_06_DM_PREEMPTIVO_240MHz_UNICORE_SLICING_OFF.txt;44;15.001;DM;FUS_IMU;3000;0;0.0;668;681.8;797;485;498.8;763;0;182.9;183;14.149;15044758;15044576;15045355
E06;EXTRA_06_DM_PREEMPTIVO_240MHz_UNICORE_SLICING_OFF.txt;45;15.001;DM;CTRL_ATT;3000;0;0.0;450;451.5;510;1129;1144.7;1403;893;27.5;210;9.31;15044576;15045365;15045816
E06;EXTRA_06_DM_PREEMPTIVO_240MHz_UNICORE_SLICING_OFF.txt;46;15.001;DM;NAV_PLAN;9;0;0.0;1;3101.3;7434;11;3322.7;7985;679;408.7;670;0.45;13761144;13761158;13761159
E06;EXTRA_06_DM_PREEMPTIVO_240MHz_UNICORE_SLICING_OFF.txt;47;15.001;DM;FAIL_SAFE;0;0;0.0;0;0.0;0;0;0.0;0;0;0.0;0;0.0;0;0;0
E06;EXTRA_06_DM_PREEMPTIVO_240MHz_UNICORE_SLICING_OFF.txt;57;20.001;DM;FUS_IMU;4000;0;0.0;668;682.9;797;485;499.9;763;0;182.9;183;13.933;20044758;20044576;20045244
E06;EXTRA_06_DM_PREEMPTIVO_240MHz_UNICORE_SLICING_OFF.txt;58;20.001;DM;CTRL_ATT;4000;0;0.0;450;451.5;510;1129;1145.7;1403;893;29.7;210;9.306;20044576;20045255;20045706
E06;EXTRA_06_DM_PREEMPTIVO_240MHz_UNICORE_SLICING_OFF.txt;59;20.001;DM;NAV_PLAN;12;0;0.0;1;2921.6;7434;11;3159.8;7986;841;444.7;827;0.255;18926115;18926125;18926126
E06;EXTRA_06_DM_PREEMPTIVO_240MHz_UNICORE_SLICING_OFF.txt;60;20.001;DM;FAIL_SAFE;1;0;0.0;1338;1338.0;1338;1351;1351.0;1351;13;0.0;0;0.03;17457784;17457797;17459135
E06;EXTRA_06_DM_PREEMPTIVO_240MHz_UNICORE_SLICING_OFF.txt;62;25.001;DM;FUS_IMU;5000;0;0.0;668;679.9;797;485;496.9;763;0;183.0;183;13.576;25044758;25044576;25045244
E06;EXTRA_06_DM_PREEMPTIVO_240MHz_UNICORE_SLICING_OFF.txt;63;25.001;DM;CTRL_ATT;5000;0;0.0;450;451.4;510;1129;1142.8;1403;893;24.1;210;9.302;25044576;25045255;25045706
E06;EXTRA_06_DM_PREEMPTIVO_240MHz_UNICORE_SLICING_OFF.txt;64;25.001;DM;NAV_PLAN;12;0;0.0;1;2921.6;7434;11;3159.8;7986;841;444.7;827;0.0;18926115;18926125;18926126
E06;EXTRA_06_DM_PREEMPTIVO_240MHz_UNICORE_SLICING_OFF.txt;65;25.001;DM;FAIL_SAFE;1;0;0.0;1338;1338.0;1338;1351;1351.0;1351;13;0.0;0;0.0;17457784;17457797;17459135
E06;EXTRA_06_DM_PREEMPTIVO_240MHz_UNICORE_SLICING_OFF.txt;66;30.001;DM;FUS_IMU;6000;0;0.0;668;677.9;797;485;495.0;763;0;183.0;183;13.576;30044758;30044576;30045244
E06;EXTRA_06_DM_PREEMPTIVO_240MHz_UNICORE_SLICING_OFF.txt;67;30.001;DM;CTRL_ATT;6000;0;0.0;450;451.4;510;1129;1140.8;1403;893;20.3;210;9.302;30044576;30045255;30045706
E06;EXTRA_06_DM_PREEMPTIVO_240MHz_UNICORE_SLICING_OFF.txt;68;30.001;DM;NAV_PLAN;12;0;0.0;1;2921.6;7434;11;3159.8;7986;841;444.7;827;0.0;18926115;18926125;18926126
E06;EXTRA_06_DM_PREEMPTIVO_240MHz_UNICORE_SLICING_OFF.txt;69;30.001;DM;FAIL_SAFE;1;0;0.0;1338;1338.0;1338;1351;1351.0;1351;13;0.0;0;0.0;17457784;17457797;17459135
E07;EXTRA_07_RM_PREEMPTIVO_240MHz_UNICORE_SLICING_ON.txt;21;5.0;RM;FUS_IMU;1000;0;0.0;668;668.8;790;614;614.9;763;0;53.9;54;13.588;5040629;5040575;5041365
E07;EXTRA_07_RM_PREEMPTIVO_240MHz_UNICORE_SLICING_ON.txt;22;5.0;RM;CTRL_ATT;1000;0;0.0;451;451.4;513;1130;1131.7;1402;889;2.1;206;9.311;5040575;5041376;5041827
E07;EXTRA_07_RM_PREEMPTIVO_240MHz_UNICORE_SLICING_ON.txt;23;5.0;RM;NAV_PLAN;3;0;0.0;1;2197.3;6570;15;2533.0;7498;928;592.3;914;0.268;3985349;3985363;3985364
E07;EXTRA_07_RM_PREEMPTIVO_240MHz_UNICORE_SLICING_ON.txt;24;5.0;RM;FAIL_SAFE;0;0;0.0;0;0.0;0;0;0.0;0;0;0.0;0;0.002;0;0;0
E07;EXTRA_07_RM_PREEMPTIVO_240MHz_UNICORE_SLICING_ON.txt;35;10.0;RM;FUS_IMU;2000;0;0.0;668;683.0;790;614;629.0;763;0;54.0;54;14.137;10040629;10040575;10041354
E07;EXTRA_07_RM_PREEMPTIVO_240MHz_UNICORE_SLICING_ON.txt;36;10.0;RM;CTRL_ATT;2000;0;0.0;451;451.5;513;1129;1145.5;1402;889;29.2;206;9.309;10040575;10041364;10041816
E07;EXTRA_07_RM_PREEMPTIVO_240MHz_UNICORE_SLICING_ON.txt;37;10.0;RM;NAV_PLAN;7;0;0.0;1;2888.9;7084;11;3040.1;7498;928;254.4;914;0.367;9689088;9689098;9689099
E07;EXTRA_07_RM_PREEMPTIVO_240MHz_UNICORE_SLICING_ON.txt;38;10.0;RM;FAIL_SAFE;0;0;0.0;0;0.0;0;0;0.0;0;0;0.0;0;0.0;0;0;0
E07;EXTRA_07_RM_PREEMPTIVO_240MHz_UNICORE_SLICING_ON.txt;44;15.0;RM;FUS_IMU;3000;0;0.0;668;687.5;790;614;633.5;763;0;54.0;54;14.124;15040629;15040575;15041243
E07;EXTRA_07_RM_PREEMPTIVO_240MHz_UNICORE_SLICING_ON.txt;45;15.0;RM;CTRL_ATT;3000;0;0.0;451;451.4;513;1129;1149.7;1402;889;38.0;206;9.303;15040575;15041254;15041705
E07;EXTRA_07_RM_PREEMPTIVO_240MHz_UNICORE_SLICING_ON.txt;46;15.0;RM;NAV_PLAN;9;0;0.0;1;3206.1;8632;11;3326.3;8641;928;198.6;914;0.183;13493932;13493946;13493947
E07;EXTRA_07_RM_PREEMPTIVO_240MHz_UNICORE_SLICING_ON.txt;47;15.0;RM;FAIL_SAFE;0;0;0.0;0;0.0;0;0;0.0;0;0;0.0;0;0.0;0;0;0
E07;EXTRA_07_RM_PREEMPTIVO_240MHz_UNICORE_SLICING_ON.txt;55;20.0;RM;FUS_IMU;4000;0;0.0;668;682.7;790;614;628.8;763;0;54.0;54;13.577;20040629;20040575;20041243
E07;EXTRA_07_RM_PREEMPTIVO_240MHz_UNICORE_SLICING_ON.txt;56;20.0;RM;CTRL_ATT;4000;0;0.0;451;451.4;513;1129;1145.1;1402;889;28.8;206;9.305;20040575;20041254;20041705
E07;EXTRA_07_RM_PREEMPTIVO_240MHz_UNICORE_SLICING_ON.txt;57;20.0;RM;NAV_PLAN;11;0;0.0;1;3269.9;8632;11;3370.9;8641;928;162.5;914;0.173;18136888;18136903;18136904
E07;EXTRA_07_RM_PREEMPTIVO_240MHz_UNICORE_SLICING_ON.txt;58;20.0;RM;FAIL_SAFE;1;0;0.0;1375;1375.0;1375;1905;1905.0;1905;530;0.0;0;0.03;19476205;19476735;19478110
E07;EXTRA_07_RM_PREEMPTIVO_240MHz_UNICORE_SLICING_ON.txt;62;25.0;RM;FUS_IMU;5000;0;0.0;668;679.8;790;614;625.8;763;0;54.0;54;13.57;25040629;25040575;25041243
E07;EXTRA_07_RM_PREEMPTIVO_240MHz_UNICORE_SLICING_ON.txt;63;25.0;RM;CTRL_ATT;5000;0;0.0;451;451.3;513;1129;1142.2;1402;889;23.3;206;9.301;25040575;25041254;25041705
E07;EXTRA_07_RM_PREEMPTIVO_240MHz_UNICORE_SLICING_ON.txt;64;25.0;RM;NAV_PLAN;12;0;0.0;1;2997.6;8632;11;3091.2;8641;928;149.2;914;0.062;20588694;20588707;20588709
E07;EXTRA_07_RM_PREEMPTIVO_240MHz_UNICORE_SLICING_ON.txt;65;25.0;RM;FAIL_SAFE;1;0;0.0;1375;1375.0;1375;1905;1905.0;1905;530;0.0;0;0.0;19476205;19476735;19478110
E07;EXTRA_07_RM_PREEMPTIVO_240MHz_UNICORE_SLICING_ON.txt;67;30.0;RM;FUS_IMU;6000;0;0.0;668;677.8;790;614;623.9;763;0;54.0;54;13.568;30040629;30040575;30041243
E07;EXTRA_07_RM_PREEMPTIVO_240MHz_UNICORE_SLICING_ON.txt;68;30.0;RM;CTRL_ATT;6000;0;0.0;451;451.3;513;1129;1140.2;1402;889;19.5;206;9.3;30040575;30041254;30041705
E07;EXTRA_07_RM_PREEMPTIVO_240MHz_UNICORE_SLICING_ON.txt;69;30.0;RM;NAV_PLAN;12;0;0.0;1;2997.6;8632;11;3091.2;8641;928;149.2;914;0.0;20588694;20588707;20588709
E07;EXTRA_07_RM_PREEMPTIVO_240MHz_UNICORE_SLICING_ON.txt;70;30.0;RM;FAIL_SAFE;1;0;0.0;1375;1375.0;1375;1905;1905.0;1905;530;0.0;0;0.0;19476205;19476735;19478110
E08;EXTRA_08_RM_PREEMPTIVO_80MHz_UNICORE_SLICING_ON.txt;16;5.0;RM;FUS_IMU;1000;0;0.0;2027;2027.4;2123;1923;1923.5;2128;5;103.8;105;41.134;5042136;5042032;5044077
E08;EXTRA_08_RM_PREEMPTIVO_80MHz_UNICORE_SLICING_ON.txt;17;5.0;RM;CTRL_ATT;1000;0;0.0;1352;1352.6;1419;3410;3411.4;3665;2246;1.2;180;27.899;5042032;5044107;5045477
E08;EXTRA_08_RM_PREEMPTIVO_80MHz_UNICORE_SLICING_ON.txt;18;5.0;RM;NAV_PLAN;1;0;0.0;20;20.0;20;101;101.0;101;81;0.0;0;0.048;4996555;4996636;4996656
E08;EXTRA_08_RM_PREEMPTIVO_80MHz_UNICORE_SLICING_ON.txt;19;5.0;RM;FAIL_SAFE;0;0;0.0;0;0.0;0;0;0.0;0;0;0.0;0;0.003;0;0;0
E08;EXTRA_08_RM_PREEMPTIVO_80MHz_UNICORE_SLICING_ON.txt;25;10.0;RM;FUS_IMU;2000;0;0.0;2027;2028.4;2123;1923;1924.5;2128;5;103.9;105;41.174;10042136;10042032;10044059
E08;EXTRA_08_RM_PREEMPTIVO_80MHz_UNICORE_SLICING_ON.txt;26;10.0;RM;CTRL_ATT;2000;0;0.0;1352;1353.2;1419;3410;3413.0;3665;2246;1.6;180;27.867;10042032;10044090;10045442
E08;EXTRA_08_RM_PREEMPTIVO_80MHz_UNICORE_SLICING_ON.txt;27;10.0;RM;NAV_PLAN;3;1;33.333;4;20052.0;60132;101;20505.3;60938;806;352.7;725;0.38;9455039;9455512;9455516
E08;EXTRA_08_RM_PREEMPTIVO_80MHz_UNICORE_SLICING_ON.txt;28;10.0;RM;FAIL_SAFE;0;0;0.0;0;0.0;0;0;0.0;0;0;0.0;0;0.0;0;0;0
E08;EXTRA_08_RM_PREEMPTIVO_80MHz_UNICORE_SLICING_ON.txt;36;15.0;RM;FUS_IMU;3000;0;0.0;2027;2044.6;2395;1923;1940.6;2291;5;103.9;106;42.117;15042136;15042032;15044391
E08;EXTRA_08_RM_PREEMPTIVO_80MHz_UNICORE_SLICING_ON.txt;37;15.0;RM;CTRL_ATT;3000;0;0.0;1352;1353.6;1419;3410;3429.4;3799;2428;32.4;366;27.904;15042032;15044422;15045774
E08;EXTRA_08_RM_PREEMPTIVO_80MHz_UNICORE_SLICING_ON.txt;38;15.0;RM;NAV_PLAN;5;2;40.0;4;25038.6;65033;101;26424.8;67629;2975;712.0;2123;0.397;14437573;14440548;14440552
E08;EXTRA_08_RM_PREEMPTIVO_80MHz_UNICORE_SLICING_ON.txt;39;15.0;RM;FAIL_SAFE;0;0;0.0;0;0.0;0;0;0.0;0;0;0.0;0;0.0;0;0;0
E08;EXTRA_08_RM_PREEMPTIVO_80MHz_UNICORE_SLICING_ON.txt;49;20.0;RM;FUS_IMU;4000;0;0.0;2027;2062.2;2396;1923;1958.2;2291;5;103.9;107;42.869;20042136;20042032;20044391
E08;EXTRA_08_RM_PREEMPTIVO_80MHz_UNICORE_SLICING_ON.txt;50;20.0;RM;CTRL_ATT;4000;0;0.0;1352;1354.0;1419;3410;3447.4;3799;2429;66.2;367;27.921;20042032;20044422;20045774
E08;EXTRA_08_RM_PREEMPTIVO_80MHz_UNICORE_SLICING_ON.txt;51;20.0;RM;NAV_PLAN;9;4;44.444;4;28584.8;66234;101;30044.6;68804;2976;1047.9;2921;0.759;18032599;18035547;18035551
E08;EXTRA_08_RM_PREEMPTIVO_80MHz_UNICORE_SLICING_ON.txt;52;20.0;RM;FAIL_SAFE;0;0;0.0;0;0.0;0;0;0.0;0;0;0.0;0;0.0;0;0;0
E08;EXTRA_08_RM_PREEMPTIVO_80MHz_UNICORE_SLICING_ON.txt;62;25.0;RM;FUS_IMU;5000;0;0.0;2027;2063.0;2399;1923;1959.1;2295;5;103.9;107;41.908;25042136;25042032;25044059
E08;EXTRA_08_RM_PREEMPTIVO_80MHz_UNICORE_SLICING_ON.txt;63;25.0;RM;CTRL_ATT;5000;0;0.0;1352;1354.2;1419;3410;3448.4;3806;2434;67.9;367;27.909;25042032;25044090;25045443
E08;EXTRA_08_RM_PREEMPTIVO_80MHz_UNICORE_SLICING_ON.txt;64;25.0;RM;NAV_PLAN;12;5;41.667;4;26848.4;66234;101;28137.8;68804;2976;1156.2;2921;0.419;22584531;22585508;22585512
E08;EXTRA_08_RM_PREEMPTIVO_80MHz_UNICORE_SLICING_ON.txt;65;25.0;RM;FAIL_SAFE;1;1;100.0;15923;15923.0;15923;16871;16871.0;16871;948;0.0;0;0.09;21469566;21470514;21486437
E08;EXTRA_08_RM_PREEMPTIVO_80MHz_UNICORE_SLICING_ON.txt;67;30.0;RM;FUS_IMU;6000;0;0.0;2027;2057.0;2399;1923;1953.1;2295;5;103.9;107;41.128;30042136;30042032;30044059
E08;EXTRA_08_RM_PREEMPTIVO_80MHz_UNICORE_SLICING_ON.txt;68;30.0;RM;CTRL_ATT;6000;0;0.0;1352;1354.1;1419;3410;3442.2;3806;2434;56.8;367;27.9;30042032;30044090;30045443
E08;EXTRA_08_RM_PREEMPTIVO_80MHz_UNICORE_SLICING_ON.txt;69;30.0;RM;NAV_PLAN;12;5;41.667;4;26848.4;66234;101;28137.8;68804;2976;1156.2;2921;0.0;22584531;22585508;22585512
E08;EXTRA_08_RM_PREEMPTIVO_80MHz_UNICORE_SLICING_ON.txt;70;30.0;RM;FAIL_SAFE;1;1;100.0;15923;15923.0;15923;16871;16871.0;16871;948;0.0;0;0.0;21469566;21470514;21486437
E09;EXTRA_09_RM_COOPERATIVO_80MHz_UNICORE.txt;22;5.014;RM;FUS_IMU;1001;9;0.899;2024;2244.5;3070;1091;1386.9;7075;5020;968.0;5020;41.669;5059958;5059023;5061490
E09;EXTRA_09_RM_COOPERATIVO_80MHz_UNICORE.txt;23;5.014;RM;CTRL_ATT;1001;6;0.599;1349;1370.2;3852;3406;3650.5;5935;3352;376.4;1269;27.898;5059023;5061520;5062872
E09;EXTRA_09_RM_COOPERATIVO_80MHz_UNICORE.txt;24;5.014;RM;NAV_PLAN;3;1;33.333;8;21404.0;64184;101;22576.3;64209;3411;1147.3;3386;0.576;2829762;2833173;2833181
E09;EXTRA_09_RM_COOPERATIVO_80MHz_UNICORE.txt;25;5.014;RM;FAIL_SAFE;0;0;0.0;0;0.0;0;0;0.0;0;0;0.0;0;0.001;0;0;0
E09;EXTRA_09_RM_COOPERATIVO_80MHz_UNICORE.txt;35;10.014;RM;FUS_IMU;2001;22;1.099;2024;2273.3;3091;1091;1431.7;7408;5021;971.3;5021;42.947;10059958;10059023;10061118
E09;EXTRA_09_RM_COOPERATIVO_80MHz_UNICORE.txt;36;10.014;RM;CTRL_ATT;2001;12;0.6;1349;1371.4;4493;3406;3680.3;6780;3352;356.5;1269;27.94;10059023;10061148;10062500
E09;EXTRA_09_RM_COOPERATIVO_80MHz_UNICORE.txt;37;10.014;RM;NAV_PLAN;7;3;42.857;8;27925.9;66134;31;29124.0;68613;3411;1586.6;3386;0.902;9828889;9828912;9828920
E09;EXTRA_09_RM_COOPERATIVO_80MHz_UNICORE.txt;38;10.014;RM;FAIL_SAFE;0;0;0.0;0;0.0;0;0;0.0;0;0;0.0;0;0.0;0;0;0
E09;EXTRA_09_RM_COOPERATIVO_80MHz_UNICORE.txt;46;15.014;RM;FUS_IMU;3001;35;1.166;2024;2275.9;3091;1091;1440.2;7408;5021;975.7;5021;42.471;15059958;15059023;15061117
E09;EXTRA_09_RM_COOPERATIVO_80MHz_UNICORE.txt;47;15.014;RM;CTRL_ATT;3001;17;0.566;1349;1370.0;4493;3406;3681.2;6780;3392;356.0;1335;27.93;15059023;15061148;15062500
E09;EXTRA_09_RM_COOPERATIVO_80MHz_UNICORE.txt;48;15.014;RM;NAV_PLAN;10;5;50.0;8;30250.0;66134;31;31532.4;68613;3411;1781.7;3386;0.782;14541428;14543460;14588942
E09;EXTRA_09_RM_COOPERATIVO_80MHz_UNICORE.txt;49;15.014;RM;FAIL_SAFE;0;0;0.0;0;0.0;0;0;0.0;0;0;0.0;0;0.0;0;0;0
E09;EXTRA_09_RM_COOPERATIVO_80MHz_UNICORE.txt;57;20.015;RM;FUS_IMU;4001;40;1.0;2024;2262.6;3091;1091;1413.4;7408;5021;969.3;5021;41.243;20059958;20059023;20061886
E09;EXTRA_09_RM_COOPERATIVO_80MHz_UNICORE.txt;58;20.015;RM;CTRL_ATT;4001;20;0.5;1349;1368.2;4493;3406;3665.6;6780;3392;365.6;1335;27.915;20059023;20061917;20063283
E09;EXTRA_09_RM_COOPERATIVO_80MHz_UNICORE.txt;59;20.015;RM;NAV_PLAN;12;5;41.667;8;25209.7;66134;31;26632.2;68613;3411;1499.3;3386;0.208;19820359;19822566;19822574
E09;EXTRA_09_RM_COOPERATIVO_80MHz_UNICORE.txt;60;20.015;RM;FAIL_SAFE;1;0;0.0;8018;8018.0;8018;8042;8042.0;8042;24;0.0;0;0.088;18438268;18438292;18446310
E09;EXTRA_09_RM_COOPERATIVO_80MHz_UNICORE.txt;62;25.015;RM;FUS_IMU;5001;44;0.88;2024;2254.6;3091;1091;1393.6;7408;5138;965.0;5138;41.222;25059958;25059023;25061650
E09;EXTRA_09_RM_COOPERATIVO_80MHz_UNICORE.txt;63;25.015;RM;CTRL_ATT;5001;22;0.44;1349;1366.4;4493;3406;3655.3;6780;3392;372.1;1335;27.913;25059023;25061684;25063050
E09;EXTRA_09_RM_COOPERATIVO_80MHz_UNICORE.txt;64;25.015;RM;NAV_PLAN;12;5;41.667;8;25209.7;66134;31;26632.2;68613;3411;1499.3;3386;0.0;19820359;19822566;19822574
E09;EXTRA_09_RM_COOPERATIVO_80MHz_UNICORE.txt;65;25.015;RM;FAIL_SAFE;1;0;0.0;8018;8018.0;8018;8042;8042.0;8042;24;0.0;0;0.0;18438268;18438292;18446310
E09;EXTRA_09_RM_COOPERATIVO_80MHz_UNICORE.txt;66;30.015;RM;FUS_IMU;6001;47;0.783;2024;2249.4;3091;1091;1380.3;7408;5138;962.1;5138;41.22;30059958;30059023;30061693
E09;EXTRA_09_RM_COOPERATIVO_80MHz_UNICORE.txt;67;30.015;RM;CTRL_ATT;6001;24;0.4;1349;1365.1;4493;3406;3648.6;6780;3392;376.7;1335;27.912;30059023;30061727;30063093
E09;EXTRA_09_RM_COOPERATIVO_80MHz_UNICORE.txt;68;30.015;RM;NAV_PLAN;12;5;41.667;8;25209.7;66134;31;26632.2;68613;3411;1499.3;3386;0.0;19820359;19822566;19822574
E09;EXTRA_09_RM_COOPERATIVO_80MHz_UNICORE.txt;69;30.015;RM;FAIL_SAFE;1;0;0.0;8018;8018.0;8018;8042;8042.0;8042;24;0.0;0;0.0;18438268;18438292;18446310
E10;EXTRA_10_RM_COOPERATIVO_240MHz_UNICORE.txt;22;5.012;RM;FUS_IMU;1001;2;0.2;668;671.5;790;177;305.8;5569;4897;434.2;4897;13.604;5056055;5056083;5056756
E10;EXTRA_10_RM_COOPERATIVO_240MHz_UNICORE.txt;23;5.012;RM;CTRL_ATT;1001;0;0.0;447;450.8;669;1128;1133.0;1414;897;7.5;211;9.281;5056083;5056766;5057213
E10;EXTRA_10_RM_COOPERATIVO_240MHz_UNICORE.txt;24;5.012;RM;NAV_PLAN;3;0;0.0;5;1792.7;5352;19;2340.7;5760;1222;402.7;814;0.317;3037097;3037111;3037116
E10;EXTRA_10_RM_COOPERATIVO_240MHz_UNICORE.txt;25;5.012;RM;FAIL_SAFE;0;0;0.0;0;0.0;0;0;0.0;0;0;0.0;0;0.0;0;0;0
E10;EXTRA_10_RM_COOPERATIVO_240MHz_UNICORE.txt;29;10.012;RM;FUS_IMU;2001;5;0.25;668;684.0;790;177;316.0;5804;5131;431.9;5131;14.129;10056055;10055776;10056445
E10;EXTRA_10_RM_COOPERATIVO_240MHz_UNICORE.txt;30;10.012;RM;CTRL_ATT;2001;0;0.0;447;450.8;669;1128;1145.5;1414;897;32.1;211;9.295;10055776;10056459;10056911
E10;EXTRA_10_RM_COOPERATIVO_240MHz_UNICORE.txt;31;10.012;RM;NAV_PLAN;4;0;0.0;5;3154.8;7241;19;3569.0;7254;1222;302.2;814;0.111;9694672;9694685;9701926
E10;EXTRA_10_RM_COOPERATIVO_240MHz_UNICORE.txt;32;10.012;RM;FAIL_SAFE;0;0;0.0;0;0.0;0;0;0.0;0;0;0.0;0;0.0;0;0;0
E10;EXTRA_10_RM_COOPERATIVO_240MHz_UNICORE.txt;40;15.012;RM;FUS_IMU;3001;7;0.233;668;687.3;790;177;317.5;5804;5131;431.7;5131;14.076;15056055;15055564;15056232
E10;EXTRA_10_RM_COOPERATIVO_240MHz_UNICORE.txt;41;15.012;RM;CTRL_ATT;3001;0;0.0;446;451.3;1957;1128;1149.4;2651;897;38.4;211;9.296;15055564;15056246;15056698
E10;EXTRA_10_RM_COOPERATIVO_240MHz_UNICORE.txt;42;15.012;RM;NAV_PLAN;7;0;0.0;5;2816.0;7241;15;3057.7;7254;1222;173.3;814;0.27;14623132;14623141;14623147
E10;EXTRA_10_RM_COOPERATIVO_240MHz_UNICORE.txt;43;15.012;RM;FAIL_SAFE;0;0;0.0;0;0.0;0;0;0.0;0;0;0.0;0;0.0;0;0;0
E10;EXTRA_10_RM_COOPERATIVO_240MHz_UNICORE.txt;53;20.012;RM;FUS_IMU;4001;10;0.25;668;682.7;790;177;313.7;5864;5192;431.8;5192;13.571;20056055;20055564;20056232
E10;EXTRA_10_RM_COOPERATIVO_240MHz_UNICORE.txt;54;20.012;RM;CTRL_ATT;4001;0;0.0;446;451.2;1957;1128;1144.7;2651;897;29.5;211;9.297;20055564;20056242;20056694
E10;EXTRA_10_RM_COOPERATIVO_240MHz_UNICORE.txt;55;20.012;RM;NAV_PLAN;11;0;0.0;5;2766.6;7241;15;2964.3;7254;1222;182.2;814;0.414;19206964;19206978;19206984
E10;EXTRA_10_RM_COOPERATIVO_240MHz_UNICORE.txt;56;20.012;RM;FAIL_SAFE;0;0;0.0;0;0.0;0;0;0.0;0;0;0.0;0;0.0;0;0;0
E10;EXTRA_10_RM_COOPERATIVO_240MHz_UNICORE.txt;62;25.012;RM;FUS_IMU;5001;12;0.24;668;680.0;790;176;309.4;5864;5192;431.3;5192;13.569;25056055;25055996;25056669
E10;EXTRA_10_RM_COOPERATIVO_240MHz_UNICORE.txt;63;25.012;RM;CTRL_ATT;5001;0;0.0;446;451.1;1957;1128;1141.8;2651;897;24.1;211;9.293;25055996;25056680;25057127
E10;EXTRA_10_RM_COOPERATIVO_240MHz_UNICORE.txt;64;25.012;RM;NAV_PLAN;12;0;0.0;5;2536.5;7241;15;2718.5;7254;1222;167.3;814;0.085;21907331;21907341;21907346
E10;EXTRA_10_RM_COOPERATIVO_240MHz_UNICORE.txt;65;25.012;RM;FAIL_SAFE;1;0;0.0;1342;1342.0;1342;1367;1367.0;1367;25;0.0;0;0.029;20707517;20707542;20708884
E10;EXTRA_10_RM_COOPERATIVO_240MHz_UNICORE.txt;67;30.012;RM;FUS_IMU;6001;14;0.233;668;678.1;790;176;306.8;5864;5192;431.2;5192;13.564;30056055;30055564;30056232
E10;EXTRA_10_RM_COOPERATIVO_240MHz_UNICORE.txt;68;30.012;RM;CTRL_ATT;6001;0;0.0;446;451.0;1957;1128;1139.7;2651;897;20.3;211;9.289;30055564;30056242;30056694
E10;EXTRA_10_RM_COOPERATIVO_240MHz_UNICORE.txt;69;30.012;RM;NAV_PLAN;12;0;0.0;5;2536.5;7241;15;2718.5;7254;1222;167.3;814;0.0;21907331;21907341;21907346
E10;EXTRA_10_RM_COOPERATIVO_240MHz_UNICORE.txt;70;30.012;RM;FAIL_SAFE;1;0;0.0;1342;1342.0;1342;1367;1367.0;1367;25;0.0;0;0.0;20707517;20707542;20708884
E10;EXTRA_10_RM_COOPERATIVO_240MHz_UNICORE.txt;71;35.012;RM;FUS_IMU;7001;16;0.229;668;676.7;790;175;304.4;5864;5192;430.9;5192;13.563;35056055;35055666;35056334
E10;EXTRA_10_RM_COOPERATIVO_240MHz_UNICORE.txt;72;35.012;RM;CTRL_ATT;7001;0;0.0;446;450.9;1957;1128;1138.3;2651;897;17.7;211;9.288;35055666;35056345;35056796
E10;EXTRA_10_RM_COOPERATIVO_240MHz_UNICORE.txt;73;35.012;RM;NAV_PLAN;12;0;0.0;5;2536.5;7241;15;2718.5;7254;1222;167.3;814;0.0;21907331;21907341;21907346
E10;EXTRA_10_RM_COOPERATIVO_240MHz_UNICORE.txt;74;35.012;RM;FAIL_SAFE;1;0;0.0;1342;1342.0;1342;1367;1367.0;1367;25;0.0;0;0.0;20707517;20707542;20708884
